2026-02-08 11:43:46.861 [background-preinit] INFO  o.h.validator.internal.util.Version - HV000001: Hibernate Validator 8.0.3.Final
2026-02-08 11:43:46.907 [main] INFO  c.c.c.CodingPlatformApplication - Starting CodingPlatformApplication using Java 17.0.12 with PID 15024 (F:\my-github\coding-platform\coding-platform-web\target\classes started by Caigh in F:\my-github\coding-platform\coding-platform-web)
2026-02-08 11:43:46.907 [main] INFO  c.c.c.CodingPlatformApplication - No active profile set, falling back to 1 default profile: "default"
2026-02-08 11:43:47.526 [main] INFO  o.s.d.r.c.RepositoryConfigurationDelegate - Multiple Spring Data modules found, entering strict repository configuration mode
2026-02-08 11:43:47.527 [main] INFO  o.s.d.r.c.RepositoryConfigurationDelegate - Bootstrapping Spring Data Redis repositories in DEFAULT mode.
2026-02-08 11:43:47.561 [main] INFO  o.s.d.r.c.RepositoryConfigurationDelegate - Finished Spring Data repository scanning in 13 ms. Found 0 Redis repository interfaces.
2026-02-08 11:43:47.677 [main] DEBUG o.m.s.mapper.ClassPathMapperScanner - Identified candidate component class: file [F:\my-github\coding-platform\coding-platform-web\target\classes\cn\caigh\coding_platform\dao\UserDao.class]
2026-02-08 11:43:47.678 [main] DEBUG o.m.s.mapper.ClassPathMapperScanner - Creating MapperFactoryBean with name 'userDao' and 'cn.caigh.coding_platform.dao.UserDao' mapperInterface
2026-02-08 11:43:47.680 [main] DEBUG o.m.s.mapper.ClassPathMapperScanner - Enabling autowire by type for MapperFactoryBean with name 'userDao'.
2026-02-08 11:43:48.337 [main] INFO  o.s.b.w.e.tomcat.TomcatWebServer - Tomcat initialized with port 8080 (http)
2026-02-08 11:43:48.350 [main] INFO  o.a.coyote.http11.Http11NioProtocol - Initializing ProtocolHandler ["http-nio-8080"]
2026-02-08 11:43:48.355 [main] INFO  o.a.catalina.core.StandardService - Starting service [Tomcat]
2026-02-08 11:43:48.355 [main] INFO  o.a.catalina.core.StandardEngine - Starting Servlet engine: [Apache Tomcat/10.1.50]
2026-02-08 11:43:48.407 [main] INFO  o.a.c.c.C.[.[localhost].[/api] - Initializing Spring embedded WebApplicationContext
2026-02-08 11:43:48.407 [main] INFO  o.s.b.w.s.c.ServletWebServerApplicationContext - Root WebApplicationContext: initialization completed in 1463 ms
2026-02-08 11:43:49.285 [main] DEBUG o.m.spring.SqlSessionFactoryBean - Property 'mapperLocations' was not specified.
2026-02-08 11:43:49.737 [main] INFO  o.s.s.c.a.a.c.InitializeUserDetailsBeanManagerConfigurer$InitializeUserDetailsManagerConfigurer - Global AuthenticationManager configured with UserDetailsService bean with name userDetailsServiceImpl
2026-02-08 11:43:49.917 [main] DEBUG o.s.s.web.DefaultSecurityFilterChain - Will secure any request with filters: DisableEncodeUrlFilter, WebAsyncManagerIntegrationFilter, SecurityContextHolderFilter, HeaderWriterFilter, CorsFilter, LogoutFilter, JwtAuthenticationFilter, RequestCacheAwareFilter, SecurityContextHolderAwareRequestFilter, AnonymousAuthenticationFilter, SessionManagementFilter, ExceptionTranslationFilter, AuthorizationFilter
2026-02-08 11:43:50.412 [main] INFO  o.a.coyote.http11.Http11NioProtocol - Starting ProtocolHandler ["http-nio-8080"]
2026-02-08 11:43:50.454 [main] INFO  o.s.b.w.e.tomcat.TomcatWebServer - Tomcat started on port 8080 (http) with context path '/api'
2026-02-08 11:43:50.469 [main] INFO  c.c.c.CodingPlatformApplication - Started CodingPlatformApplication in 3.832 seconds (process running for 4.224)
2026-02-08 11:44:18.218 [http-nio-8080-exec-1] INFO  o.a.c.c.C.[.[localhost].[/api] - Initializing Spring DispatcherServlet 'dispatcherServlet'
2026-02-08 11:44:18.218 [http-nio-8080-exec-1] INFO  o.s.web.servlet.DispatcherServlet - Initializing Servlet 'dispatcherServlet'
2026-02-08 11:44:18.219 [http-nio-8080-exec-1] INFO  o.s.web.servlet.DispatcherServlet - Completed initialization in 1 ms
2026-02-08 11:44:18.231 [http-nio-8080-exec-1] DEBUG o.s.security.web.FilterChainProxy - Securing GET /user/menu.json
2026-02-08 11:44:18.704 [http-nio-8080-exec-2] DEBUG o.s.security.web.FilterChainProxy - Securing GET /user/menu.json
2026-02-08 11:44:39.900 [http-nio-8080-exec-3] DEBUG o.s.security.web.FilterChainProxy - Securing GET /user/menu.json
2026-02-08 11:44:39.902 [http-nio-8080-exec-4] DEBUG o.s.security.web.FilterChainProxy - Securing GET /user/menu.json
2026-02-08 11:46:33.025 [http-nio-8080-exec-5] DEBUG o.s.security.web.FilterChainProxy - Securing GET /user/menu.json
2026-02-08 11:46:33.025 [http-nio-8080-exec-6] DEBUG o.s.security.web.FilterChainProxy - Securing GET /user/menu.json
2026-02-08 11:47:22.789 [http-nio-8080-exec-7] DEBUG o.s.security.web.FilterChainProxy - Securing GET /user/menu.json
2026-02-08 11:47:22.790 [http-nio-8080-exec-8] DEBUG o.s.security.web.FilterChainProxy - Securing GET /user/menu.json
2026-02-08 11:48:00.382 [http-nio-8080-exec-9] DEBUG o.s.security.web.FilterChainProxy - Securing GET /user/menu.json
2026-02-08 11:48:00.385 [http-nio-8080-exec-10] DEBUG o.s.security.web.FilterChainProxy - Securing GET /user/menu.json
2026-02-08 11:52:30.802 [http-nio-8080-exec-1] DEBUG o.s.security.web.FilterChainProxy - Securing GET /user/menu.json
2026-02-08 11:52:30.803 [http-nio-8080-exec-2] DEBUG o.s.security.web.FilterChainProxy - Securing GET /user/menu.json
2026-02-08 11:52:55.816 [http-nio-8080-exec-3] DEBUG o.s.security.web.FilterChainProxy - Securing GET /user/menu.json
2026-02-08 11:52:55.816 [http-nio-8080-exec-4] DEBUG o.s.security.web.FilterChainProxy - Securing GET /user/menu.json
2026-02-08 11:53:51.154 [http-nio-8080-exec-5] DEBUG o.s.security.web.FilterChainProxy - Securing GET /user/menu.json
2026-02-08 11:53:51.155 [http-nio-8080-exec-6] DEBUG o.s.security.web.FilterChainProxy - Securing GET /user/menu.json
2026-02-08 12:11:31.966 [http-nio-8080-exec-7] DEBUG o.s.security.web.FilterChainProxy - Securing GET /user/menu.json
2026-02-08 12:11:31.966 [http-nio-8080-exec-8] DEBUG o.s.security.web.FilterChainProxy - Securing GET /user/menu.json
2026-02-08 12:11:34.567 [http-nio-8080-exec-9] DEBUG o.s.security.web.FilterChainProxy - Securing GET /user/menu.json
2026-02-08 12:11:34.568 [http-nio-8080-exec-10] DEBUG o.s.security.web.FilterChainProxy - Securing GET /user/menu.json
2026-02-08 12:11:46.235 [http-nio-8080-exec-2] DEBUG o.s.security.web.FilterChainProxy - Securing GET /user/menu.json
2026-02-08 12:11:46.235 [http-nio-8080-exec-1] DEBUG o.s.security.web.FilterChainProxy - Securing GET /user/menu.json
2026-02-08 12:11:59.539 [http-nio-8080-exec-4] DEBUG o.s.security.web.FilterChainProxy - Securing GET /user/menu.json
2026-02-08 12:11:59.541 [http-nio-8080-exec-3] DEBUG o.s.security.web.FilterChainProxy - Securing GET /user/menu.json
2026-02-08 12:12:26.253 [http-nio-8080-exec-6] DEBUG o.s.security.web.FilterChainProxy - Securing GET /user/menu.json
2026-02-08 12:12:26.253 [http-nio-8080-exec-5] DEBUG o.s.security.web.FilterChainProxy - Securing GET /user/menu.json
2026-02-08 12:12:40.467 [http-nio-8080-exec-8] DEBUG o.s.security.web.FilterChainProxy - Securing GET /user/menu.json
2026-02-08 12:12:40.467 [http-nio-8080-exec-7] DEBUG o.s.security.web.FilterChainProxy - Securing GET /user/menu.json
2026-02-08 12:21:46.500 [http-nio-8080-exec-10] DEBUG o.s.security.web.FilterChainProxy - Securing GET /user/menua.json
2026-02-08 12:21:46.500 [http-nio-8080-exec-9] DEBUG o.s.security.web.FilterChainProxy - Securing GET /user/menua.json
2026-02-08 12:21:54.916 [http-nio-8080-exec-2] DEBUG o.s.security.web.FilterChainProxy - Securing GET /user/menua.json
2026-02-08 12:21:54.918 [http-nio-8080-exec-1] DEBUG o.s.security.web.FilterChainProxy - Securing GET /user/menua.json
2026-02-08 12:22:15.919 [http-nio-8080-exec-4] DEBUG o.s.security.web.FilterChainProxy - Securing GET /dss/user/menusdsda.json
2026-02-08 12:22:15.920 [http-nio-8080-exec-3] DEBUG o.s.security.web.FilterChainProxy - Securing GET /dss/user/menusdsda.json
2026-02-08 12:22:24.399 [http-nio-8080-exec-6] DEBUG o.s.security.web.FilterChainProxy - Securing GET /dss/user/menusdsda.json
2026-02-08 12:22:24.399 [http-nio-8080-exec-5] DEBUG o.s.security.web.FilterChainProxy - Securing GET /dss/user/menusdsda.json
2026-02-08 12:22:24.845 [http-nio-8080-exec-8] DEBUG o.s.security.web.FilterChainProxy - Securing GET /dss/user/menusdsda.json
2026-02-08 12:22:24.845 [http-nio-8080-exec-7] DEBUG o.s.security.web.FilterChainProxy - Securing GET /dss/user/menusdsda.json
2026-02-08 12:22:25.217 [http-nio-8080-exec-9] DEBUG o.s.security.web.FilterChainProxy - Securing GET /dss/user/menusdsda.json
2026-02-08 12:22:25.217 [http-nio-8080-exec-10] DEBUG o.s.security.web.FilterChainProxy - Securing GET /dss/user/menusdsda.json
2026-02-08 12:22:30.401 [SpringApplicationShutdownHook] INFO  o.s.b.w.e.tomcat.GracefulShutdown - Commencing graceful shutdown. Waiting for active requests to complete
2026-02-08 12:22:30.687 [tomcat-shutdown] INFO  o.s.b.w.e.tomcat.GracefulShutdown - Graceful shutdown complete
2026-02-08 12:22:30.707 [SpringApplicationShutdownHook] INFO  c.alibaba.druid.pool.DruidDataSource - {dataSource-0} closing ...
2026-02-08 12:22:32.034 [background-preinit] INFO  o.h.validator.internal.util.Version - HV000001: Hibernate Validator 8.0.3.Final
2026-02-08 12:22:32.067 [main] INFO  c.c.c.CodingPlatformApplication - Starting CodingPlatformApplication using Java 17.0.12 with PID 20232 (F:\my-github\coding-platform\coding-platform-web\target\classes started by Caigh in F:\my-github\coding-platform\coding-platform-web)
2026-02-08 12:22:32.069 [main] INFO  c.c.c.CodingPlatformApplication - No active profile set, falling back to 1 default profile: "default"
2026-02-08 12:22:32.690 [main] INFO  o.s.d.r.c.RepositoryConfigurationDelegate - Multiple Spring Data modules found, entering strict repository configuration mode
2026-02-08 12:22:32.691 [main] INFO  o.s.d.r.c.RepositoryConfigurationDelegate - Bootstrapping Spring Data Redis repositories in DEFAULT mode.
2026-02-08 12:22:32.714 [main] INFO  o.s.d.r.c.RepositoryConfigurationDelegate - Finished Spring Data repository scanning in 12 ms. Found 0 Redis repository interfaces.
2026-02-08 12:22:32.812 [main] DEBUG o.m.s.mapper.ClassPathMapperScanner - Identified candidate component class: file [F:\my-github\coding-platform\coding-platform-web\target\classes\cn\caigh\coding_platform\dao\UserDao.class]
2026-02-08 12:22:32.814 [main] DEBUG o.m.s.mapper.ClassPathMapperScanner - Creating MapperFactoryBean with name 'userDao' and 'cn.caigh.coding_platform.dao.UserDao' mapperInterface
2026-02-08 12:22:32.817 [main] DEBUG o.m.s.mapper.ClassPathMapperScanner - Enabling autowire by type for MapperFactoryBean with name 'userDao'.
2026-02-08 12:22:33.423 [main] INFO  o.s.b.w.e.tomcat.TomcatWebServer - Tomcat initialized with port 8080 (http)
2026-02-08 12:22:33.433 [main] INFO  o.a.coyote.http11.Http11NioProtocol - Initializing ProtocolHandler ["http-nio-8080"]
2026-02-08 12:22:33.436 [main] INFO  o.a.catalina.core.StandardService - Starting service [Tomcat]
2026-02-08 12:22:33.436 [main] INFO  o.a.catalina.core.StandardEngine - Starting Servlet engine: [Apache Tomcat/10.1.50]
2026-02-08 12:22:33.489 [main] INFO  o.a.c.c.C.[.[localhost].[/api] - Initializing Spring embedded WebApplicationContext
2026-02-08 12:22:33.490 [main] INFO  o.s.b.w.s.c.ServletWebServerApplicationContext - Root WebApplicationContext: initialization completed in 1386 ms
2026-02-08 12:22:34.542 [main] DEBUG o.m.spring.SqlSessionFactoryBean - Property 'mapperLocations' was not specified.
2026-02-08 12:22:35.019 [main] INFO  o.s.s.c.a.a.c.InitializeUserDetailsBeanManagerConfigurer$InitializeUserDetailsManagerConfigurer - Global AuthenticationManager configured with UserDetailsService bean with name userDetailsServiceImpl
2026-02-08 12:22:35.181 [main] DEBUG o.s.s.web.DefaultSecurityFilterChain - Will secure any request with filters: DisableEncodeUrlFilter, WebAsyncManagerIntegrationFilter, SecurityContextHolderFilter, HeaderWriterFilter, CorsFilter, LogoutFilter, JwtAuthenticationFilter, RequestCacheAwareFilter, SecurityContextHolderAwareRequestFilter, AnonymousAuthenticationFilter, SessionManagementFilter, ExceptionTranslationFilter, AuthorizationFilter
2026-02-08 12:22:35.688 [main] INFO  o.a.coyote.http11.Http11NioProtocol - Starting ProtocolHandler ["http-nio-8080"]
2026-02-08 12:22:35.731 [main] INFO  o.s.b.w.e.tomcat.TomcatWebServer - Tomcat started on port 8080 (http) with context path '/api'
2026-02-08 12:22:35.745 [main] INFO  c.c.c.CodingPlatformApplication - Started CodingPlatformApplication in 3.949 seconds (process running for 4.28)
2026-02-08 12:22:36.190 [http-nio-8080-exec-2] INFO  o.a.c.c.C.[.[localhost].[/api] - Initializing Spring DispatcherServlet 'dispatcherServlet'
2026-02-08 12:22:36.190 [http-nio-8080-exec-2] INFO  o.s.web.servlet.DispatcherServlet - Initializing Servlet 'dispatcherServlet'
2026-02-08 12:22:36.191 [http-nio-8080-exec-2] INFO  o.s.web.servlet.DispatcherServlet - Completed initialization in 0 ms
2026-02-08 12:22:36.217 [http-nio-8080-exec-1] DEBUG o.s.security.web.FilterChainProxy - Securing GET /dss/user/menusdsda.json
2026-02-08 12:22:36.217 [http-nio-8080-exec-2] DEBUG o.s.security.web.FilterChainProxy - Securing GET /dss/user/menusdsda.json
2026-02-08 12:25:13.046 [http-nio-8080-exec-3] DEBUG o.s.security.web.FilterChainProxy - Securing GET /dss/user/menusdsda.json
2026-02-08 12:25:13.046 [http-nio-8080-exec-4] DEBUG o.s.security.web.FilterChainProxy - Securing GET /dss/user/menusdsda.json
2026-02-08 12:25:31.742 [http-nio-8080-exec-5] DEBUG o.s.security.web.FilterChainProxy - Securing GET /dss/user/menusdsda.json
2026-02-08 12:25:31.742 [http-nio-8080-exec-6] DEBUG o.s.security.web.FilterChainProxy - Securing GET /dss/user/menusdsda.json
2026-02-08 12:25:44.627 [http-nio-8080-exec-7] DEBUG o.s.security.web.FilterChainProxy - Securing GET /dss/user/menusdsda.json
2026-02-08 12:25:44.627 [http-nio-8080-exec-8] DEBUG o.s.security.web.FilterChainProxy - Securing GET /dss/user/menusdsda.json
2026-02-08 12:26:08.868 [http-nio-8080-exec-9] DEBUG o.s.security.web.FilterChainProxy - Securing GET /dss/user/menusdsda.json
2026-02-08 12:26:08.869 [http-nio-8080-exec-10] DEBUG o.s.security.web.FilterChainProxy - Securing GET /dss/user/menusdsda.json
2026-02-08 12:26:20.312 [http-nio-8080-exec-2] DEBUG o.s.security.web.FilterChainProxy - Securing GET /dss/user/menusdsda.json
2026-02-08 12:26:20.312 [http-nio-8080-exec-1] DEBUG o.s.security.web.FilterChainProxy - Securing GET /dss/user/menusdsda.json
2026-02-08 12:26:25.498 [http-nio-8080-exec-4] DEBUG o.s.security.web.FilterChainProxy - Securing GET /dss/user/menusdsda.json
2026-02-08 12:26:25.499 [http-nio-8080-exec-3] DEBUG o.s.security.web.FilterChainProxy - Securing GET /dss/user/menusdsda.json
2026-02-08 12:27:44.945 [http-nio-8080-exec-5] DEBUG o.s.security.web.FilterChainProxy - Securing POST /login/pwd.json
2026-02-08 12:28:06.971 [http-nio-8080-exec-6] DEBUG o.s.security.web.FilterChainProxy - Securing POST /login/pwd.json
2026-02-08 12:28:29.785 [http-nio-8080-exec-8] DEBUG o.s.security.web.FilterChainProxy - Securing POST /login/pwd.json
2026-02-08 12:28:29.788 [http-nio-8080-exec-8] DEBUG o.s.s.w.a.AnonymousAuthenticationFilter - Set SecurityContextHolder to anonymous SecurityContext
2026-02-08 12:28:29.789 [http-nio-8080-exec-8] DEBUG o.s.security.web.FilterChainProxy - Secured POST /login/pwd.json
2026-02-08 12:28:29.929 [http-nio-8080-exec-8] INFO  c.alibaba.druid.pool.DruidDataSource - {dataSource-1} inited
2026-02-08 12:28:30.146 [http-nio-8080-exec-8] DEBUG o.s.s.a.d.DaoAuthenticationProvider - Authenticated user
2026-02-08 12:28:30.267 [http-nio-8080-exec-7] DEBUG o.s.security.web.FilterChainProxy - Securing GET /dss/user/menusdsda.json
2026-02-08 12:28:30.268 [http-nio-8080-exec-9] DEBUG o.s.security.web.FilterChainProxy - Securing GET /dss/user/menusdsda.json
2026-02-08 12:28:30.322 [http-nio-8080-exec-7] DEBUG o.s.security.web.FilterChainProxy - Secured GET /dss/user/menusdsda.json
2026-02-08 12:28:30.322 [http-nio-8080-exec-9] DEBUG o.s.security.web.FilterChainProxy - Secured GET /dss/user/menusdsda.json
2026-02-08 12:28:50.572 [SpringApplicationShutdownHook] INFO  o.s.b.w.e.tomcat.GracefulShutdown - Commencing graceful shutdown. Waiting for active requests to complete
2026-02-08 12:28:50.853 [tomcat-shutdown] INFO  o.s.b.w.e.tomcat.GracefulShutdown - Graceful shutdown complete
2026-02-08 12:28:50.861 [SpringApplicationShutdownHook] INFO  c.alibaba.druid.pool.DruidDataSource - {dataSource-1} closing ...
2026-02-08 12:28:50.874 [SpringApplicationShutdownHook] INFO  c.alibaba.druid.pool.DruidDataSource - {dataSource-1} closed
2026-02-08 12:28:52.248 [background-preinit] INFO  o.h.validator.internal.util.Version - HV000001: Hibernate Validator 8.0.3.Final
2026-02-08 12:28:52.284 [main] INFO  c.c.c.CodingPlatformApplication - Starting CodingPlatformApplication using Java 17.0.12 with PID 14004 (F:\my-github\coding-platform\coding-platform-web\target\classes started by Caigh in F:\my-github\coding-platform\coding-platform-web)
2026-02-08 12:28:52.285 [main] INFO  c.c.c.CodingPlatformApplication - No active profile set, falling back to 1 default profile: "default"
2026-02-08 12:28:52.973 [main] INFO  o.s.d.r.c.RepositoryConfigurationDelegate - Multiple Spring Data modules found, entering strict repository configuration mode
2026-02-08 12:28:52.974 [main] INFO  o.s.d.r.c.RepositoryConfigurationDelegate - Bootstrapping Spring Data Redis repositories in DEFAULT mode.
2026-02-08 12:28:53.005 [main] INFO  o.s.d.r.c.RepositoryConfigurationDelegate - Finished Spring Data repository scanning in 12 ms. Found 0 Redis repository interfaces.
2026-02-08 12:28:53.112 [main] DEBUG o.m.s.mapper.ClassPathMapperScanner - Identified candidate component class: file [F:\my-github\coding-platform\coding-platform-web\target\classes\cn\caigh\coding_platform\dao\UserDao.class]
2026-02-08 12:28:53.113 [main] DEBUG o.m.s.mapper.ClassPathMapperScanner - Creating MapperFactoryBean with name 'userDao' and 'cn.caigh.coding_platform.dao.UserDao' mapperInterface
2026-02-08 12:28:53.115 [main] DEBUG o.m.s.mapper.ClassPathMapperScanner - Enabling autowire by type for MapperFactoryBean with name 'userDao'.
2026-02-08 12:28:53.787 [main] INFO  o.s.b.w.e.tomcat.TomcatWebServer - Tomcat initialized with port 8080 (http)
2026-02-08 12:28:53.796 [main] INFO  o.a.coyote.http11.Http11NioProtocol - Initializing ProtocolHandler ["http-nio-8080"]
2026-02-08 12:28:53.797 [main] INFO  o.a.catalina.core.StandardService - Starting service [Tomcat]
2026-02-08 12:28:53.797 [main] INFO  o.a.catalina.core.StandardEngine - Starting Servlet engine: [Apache Tomcat/10.1.50]
2026-02-08 12:28:53.844 [main] INFO  o.a.c.c.C.[.[localhost].[/api] - Initializing Spring embedded WebApplicationContext
2026-02-08 12:28:53.844 [main] INFO  o.s.b.w.s.c.ServletWebServerApplicationContext - Root WebApplicationContext: initialization completed in 1516 ms
2026-02-08 12:28:54.801 [main] DEBUG o.m.spring.SqlSessionFactoryBean - Property 'mapperLocations' was not specified.
2026-02-08 12:28:55.242 [main] INFO  o.s.s.c.a.a.c.InitializeUserDetailsBeanManagerConfigurer$InitializeUserDetailsManagerConfigurer - Global AuthenticationManager configured with UserDetailsService bean with name userDetailsServiceImpl
2026-02-08 12:28:55.417 [main] DEBUG o.s.s.web.DefaultSecurityFilterChain - Will secure any request with filters: DisableEncodeUrlFilter, WebAsyncManagerIntegrationFilter, SecurityContextHolderFilter, HeaderWriterFilter, CorsFilter, LogoutFilter, JwtAuthenticationFilter, RequestCacheAwareFilter, SecurityContextHolderAwareRequestFilter, AnonymousAuthenticationFilter, SessionManagementFilter, ExceptionTranslationFilter, AuthorizationFilter
2026-02-08 12:28:55.936 [main] INFO  o.a.coyote.http11.Http11NioProtocol - Starting ProtocolHandler ["http-nio-8080"]
2026-02-08 12:28:55.977 [main] INFO  o.s.b.w.e.tomcat.TomcatWebServer - Tomcat started on port 8080 (http) with context path '/api'
2026-02-08 12:28:55.991 [main] INFO  c.c.c.CodingPlatformApplication - Started CodingPlatformApplication in 3.974 seconds (process running for 4.315)
2026-02-08 12:29:00.686 [http-nio-8080-exec-2] INFO  o.a.c.c.C.[.[localhost].[/api] - Initializing Spring DispatcherServlet 'dispatcherServlet'
2026-02-08 12:29:00.686 [http-nio-8080-exec-2] INFO  o.s.web.servlet.DispatcherServlet - Initializing Servlet 'dispatcherServlet'
2026-02-08 12:29:00.687 [http-nio-8080-exec-2] INFO  o.s.web.servlet.DispatcherServlet - Completed initialization in 1 ms
2026-02-08 12:29:00.714 [http-nio-8080-exec-2] DEBUG o.s.security.web.FilterChainProxy - Securing GET /dss/user/menusdsda.json
2026-02-08 12:29:00.714 [http-nio-8080-exec-1] DEBUG o.s.security.web.FilterChainProxy - Securing GET /dss/user/menusdsda.json
2026-02-08 12:29:01.309 [http-nio-8080-exec-1] DEBUG o.s.security.web.FilterChainProxy - Secured GET /dss/user/menusdsda.json
2026-02-08 12:29:01.309 [http-nio-8080-exec-2] DEBUG o.s.security.web.FilterChainProxy - Secured GET /dss/user/menusdsda.json
2026-02-08 12:32:17.151 [SpringApplicationShutdownHook] INFO  o.s.b.w.e.tomcat.GracefulShutdown - Commencing graceful shutdown. Waiting for active requests to complete
2026-02-08 12:32:17.432 [tomcat-shutdown] INFO  o.s.b.w.e.tomcat.GracefulShutdown - Graceful shutdown complete
2026-02-08 12:32:17.441 [SpringApplicationShutdownHook] INFO  c.alibaba.druid.pool.DruidDataSource - {dataSource-0} closing ...
2026-02-08 12:32:19.442 [background-preinit] INFO  o.h.validator.internal.util.Version - HV000001: Hibernate Validator 8.0.3.Final
2026-02-08 12:32:19.471 [main] INFO  c.c.c.CodingPlatformApplication - Starting CodingPlatformApplication using Java 17.0.12 with PID 23204 (F:\my-github\coding-platform\coding-platform-web\target\classes started by Caigh in F:\my-github\coding-platform\coding-platform-web)
2026-02-08 12:32:19.472 [main] INFO  c.c.c.CodingPlatformApplication - No active profile set, falling back to 1 default profile: "default"
2026-02-08 12:32:20.073 [main] INFO  o.s.d.r.c.RepositoryConfigurationDelegate - Multiple Spring Data modules found, entering strict repository configuration mode
2026-02-08 12:32:20.076 [main] INFO  o.s.d.r.c.RepositoryConfigurationDelegate - Bootstrapping Spring Data Redis repositories in DEFAULT mode.
2026-02-08 12:32:20.100 [main] INFO  o.s.d.r.c.RepositoryConfigurationDelegate - Finished Spring Data repository scanning in 11 ms. Found 0 Redis repository interfaces.
2026-02-08 12:32:20.209 [main] DEBUG o.m.s.mapper.ClassPathMapperScanner - Identified candidate component class: file [F:\my-github\coding-platform\coding-platform-web\target\classes\cn\caigh\coding_platform\dao\UserDao.class]
2026-02-08 12:32:20.211 [main] DEBUG o.m.s.mapper.ClassPathMapperScanner - Creating MapperFactoryBean with name 'userDao' and 'cn.caigh.coding_platform.dao.UserDao' mapperInterface
2026-02-08 12:32:20.212 [main] DEBUG o.m.s.mapper.ClassPathMapperScanner - Enabling autowire by type for MapperFactoryBean with name 'userDao'.
2026-02-08 12:32:20.779 [main] INFO  o.s.b.w.e.tomcat.TomcatWebServer - Tomcat initialized with port 8080 (http)
2026-02-08 12:32:20.786 [main] INFO  o.a.coyote.http11.Http11NioProtocol - Initializing ProtocolHandler ["http-nio-8080"]
2026-02-08 12:32:20.787 [main] INFO  o.a.catalina.core.StandardService - Starting service [Tomcat]
2026-02-08 12:32:20.789 [main] INFO  o.a.catalina.core.StandardEngine - Starting Servlet engine: [Apache Tomcat/10.1.50]
2026-02-08 12:32:20.827 [main] INFO  o.a.c.c.C.[.[localhost].[/api] - Initializing Spring embedded WebApplicationContext
2026-02-08 12:32:20.828 [main] INFO  o.s.b.w.s.c.ServletWebServerApplicationContext - Root WebApplicationContext: initialization completed in 1320 ms
2026-02-08 12:32:21.800 [main] DEBUG o.m.spring.SqlSessionFactoryBean - Property 'mapperLocations' was not specified.
2026-02-08 12:32:22.254 [main] INFO  o.s.s.c.a.a.c.InitializeUserDetailsBeanManagerConfigurer$InitializeUserDetailsManagerConfigurer - Global AuthenticationManager configured with UserDetailsService bean with name userDetailsServiceImpl
2026-02-08 12:32:22.410 [main] DEBUG o.s.s.web.DefaultSecurityFilterChain - Will secure any request with filters: DisableEncodeUrlFilter, WebAsyncManagerIntegrationFilter, SecurityContextHolderFilter, HeaderWriterFilter, CorsFilter, LogoutFilter, JwtAuthenticationFilter, RequestCacheAwareFilter, SecurityContextHolderAwareRequestFilter, AnonymousAuthenticationFilter, SessionManagementFilter, ExceptionTranslationFilter, AuthorizationFilter
2026-02-08 12:32:22.891 [main] INFO  o.a.coyote.http11.Http11NioProtocol - Starting ProtocolHandler ["http-nio-8080"]
2026-02-08 12:32:22.938 [main] INFO  o.s.b.w.e.tomcat.TomcatWebServer - Tomcat started on port 8080 (http) with context path '/api'
2026-02-08 12:32:22.950 [main] INFO  c.c.c.CodingPlatformApplication - Started CodingPlatformApplication in 3.719 seconds (process running for 4.045)
2026-02-08 12:32:28.450 [http-nio-8080-exec-1] INFO  o.a.c.c.C.[.[localhost].[/api] - Initializing Spring DispatcherServlet 'dispatcherServlet'
2026-02-08 12:32:28.451 [http-nio-8080-exec-1] INFO  o.s.web.servlet.DispatcherServlet - Initializing Servlet 'dispatcherServlet'
2026-02-08 12:32:28.452 [http-nio-8080-exec-1] INFO  o.s.web.servlet.DispatcherServlet - Completed initialization in 1 ms
2026-02-08 12:32:28.464 [http-nio-8080-exec-2] DEBUG o.s.security.web.FilterChainProxy - Securing GET /dss/user/menusdsda.json
2026-02-08 12:32:28.464 [http-nio-8080-exec-1] DEBUG o.s.security.web.FilterChainProxy - Securing GET /dss/user/menusdsda.json
2026-02-08 12:32:28.960 [http-nio-8080-exec-1] DEBUG o.s.security.web.FilterChainProxy - Secured GET /dss/user/menusdsda.json
2026-02-08 12:32:28.960 [http-nio-8080-exec-2] DEBUG o.s.security.web.FilterChainProxy - Secured GET /dss/user/menusdsda.json
2026-02-08 12:32:28.976 [http-nio-8080-exec-2] DEBUG o.s.security.web.FilterChainProxy - Securing GET /error
2026-02-08 12:32:28.976 [http-nio-8080-exec-1] DEBUG o.s.security.web.FilterChainProxy - Securing GET /error
2026-02-08 12:32:28.977 [http-nio-8080-exec-2] DEBUG o.s.s.w.a.AnonymousAuthenticationFilter - Set SecurityContextHolder to anonymous SecurityContext
2026-02-08 12:32:28.977 [http-nio-8080-exec-1] DEBUG o.s.s.w.a.AnonymousAuthenticationFilter - Set SecurityContextHolder to anonymous SecurityContext
2026-02-08 12:34:09.295 [http-nio-8080-exec-3] DEBUG o.s.security.web.FilterChainProxy - Securing POST /login/pwd.json
2026-02-08 12:34:09.300 [http-nio-8080-exec-3] DEBUG o.s.s.w.a.AnonymousAuthenticationFilter - Set SecurityContextHolder to anonymous SecurityContext
2026-02-08 12:34:09.300 [http-nio-8080-exec-3] DEBUG o.s.security.web.FilterChainProxy - Secured POST /login/pwd.json
2026-02-08 12:34:09.408 [http-nio-8080-exec-3] INFO  c.alibaba.druid.pool.DruidDataSource - {dataSource-1} inited
2026-02-08 12:34:09.596 [http-nio-8080-exec-3] DEBUG o.s.s.a.d.DaoAuthenticationProvider - Authenticated user
2026-02-08 12:34:09.700 [http-nio-8080-exec-5] DEBUG o.s.security.web.FilterChainProxy - Securing GET /dss/user/menusdsda.json
2026-02-08 12:34:09.700 [http-nio-8080-exec-4] DEBUG o.s.security.web.FilterChainProxy - Securing GET /dss/user/menusdsda.json
2026-02-08 12:34:09.706 [http-nio-8080-exec-4] DEBUG o.s.security.web.FilterChainProxy - Secured GET /dss/user/menusdsda.json
2026-02-08 12:34:09.706 [http-nio-8080-exec-5] DEBUG o.s.security.web.FilterChainProxy - Secured GET /dss/user/menusdsda.json
2026-02-08 12:34:09.709 [http-nio-8080-exec-5] DEBUG o.s.security.web.FilterChainProxy - Securing GET /error
2026-02-08 12:34:09.709 [http-nio-8080-exec-5] DEBUG o.s.s.w.a.AnonymousAuthenticationFilter - Set SecurityContextHolder to anonymous SecurityContext
2026-02-08 12:34:09.709 [http-nio-8080-exec-4] DEBUG o.s.security.web.FilterChainProxy - Securing GET /error
2026-02-08 12:34:09.709 [http-nio-8080-exec-4] DEBUG o.s.s.w.a.AnonymousAuthenticationFilter - Set SecurityContextHolder to anonymous SecurityContext
2026-02-08 12:35:13.437 [SpringApplicationShutdownHook] INFO  o.s.b.w.e.tomcat.GracefulShutdown - Commencing graceful shutdown. Waiting for active requests to complete
2026-02-08 12:35:13.722 [tomcat-shutdown] INFO  o.s.b.w.e.tomcat.GracefulShutdown - Graceful shutdown complete
2026-02-08 12:35:13.730 [SpringApplicationShutdownHook] INFO  c.alibaba.druid.pool.DruidDataSource - {dataSource-1} closing ...
2026-02-08 12:35:13.734 [SpringApplicationShutdownHook] INFO  c.alibaba.druid.pool.DruidDataSource - {dataSource-1} closed
2026-02-08 12:35:15.189 [background-preinit] INFO  o.h.validator.internal.util.Version - HV000001: Hibernate Validator 8.0.3.Final
2026-02-08 12:35:15.221 [main] INFO  c.c.c.CodingPlatformApplication - Starting CodingPlatformApplication using Java 17.0.12 with PID 15728 (F:\my-github\coding-platform\coding-platform-web\target\classes started by Caigh in F:\my-github\coding-platform\coding-platform-web)
2026-02-08 12:35:15.223 [main] INFO  c.c.c.CodingPlatformApplication - No active profile set, falling back to 1 default profile: "default"
2026-02-08 12:35:15.812 [main] INFO  o.s.d.r.c.RepositoryConfigurationDelegate - Multiple Spring Data modules found, entering strict repository configuration mode
2026-02-08 12:35:15.813 [main] INFO  o.s.d.r.c.RepositoryConfigurationDelegate - Bootstrapping Spring Data Redis repositories in DEFAULT mode.
2026-02-08 12:35:15.839 [main] INFO  o.s.d.r.c.RepositoryConfigurationDelegate - Finished Spring Data repository scanning in 11 ms. Found 0 Redis repository interfaces.
2026-02-08 12:35:15.948 [main] DEBUG o.m.s.mapper.ClassPathMapperScanner - Identified candidate component class: file [F:\my-github\coding-platform\coding-platform-web\target\classes\cn\caigh\coding_platform\dao\UserDao.class]
2026-02-08 12:35:15.949 [main] DEBUG o.m.s.mapper.ClassPathMapperScanner - Creating MapperFactoryBean with name 'userDao' and 'cn.caigh.coding_platform.dao.UserDao' mapperInterface
2026-02-08 12:35:15.950 [main] DEBUG o.m.s.mapper.ClassPathMapperScanner - Enabling autowire by type for MapperFactoryBean with name 'userDao'.
2026-02-08 12:35:16.603 [main] INFO  o.s.b.w.e.tomcat.TomcatWebServer - Tomcat initialized with port 8080 (http)
2026-02-08 12:35:16.611 [main] INFO  o.a.coyote.http11.Http11NioProtocol - Initializing ProtocolHandler ["http-nio-8080"]
2026-02-08 12:35:16.613 [main] INFO  o.a.catalina.core.StandardService - Starting service [Tomcat]
2026-02-08 12:35:16.613 [main] INFO  o.a.catalina.core.StandardEngine - Starting Servlet engine: [Apache Tomcat/10.1.50]
2026-02-08 12:35:16.664 [main] INFO  o.a.c.c.C.[.[localhost].[/api] - Initializing Spring embedded WebApplicationContext
2026-02-08 12:35:16.664 [main] INFO  o.s.b.w.s.c.ServletWebServerApplicationContext - Root WebApplicationContext: initialization completed in 1397 ms
2026-02-08 12:35:17.550 [main] DEBUG o.m.spring.SqlSessionFactoryBean - Property 'mapperLocations' was not specified.
2026-02-08 12:35:17.999 [main] INFO  o.s.s.c.a.a.c.InitializeUserDetailsBeanManagerConfigurer$InitializeUserDetailsManagerConfigurer - Global AuthenticationManager configured with UserDetailsService bean with name userDetailsServiceImpl
2026-02-08 12:35:18.181 [main] DEBUG o.s.s.web.DefaultSecurityFilterChain - Will secure any request with filters: DisableEncodeUrlFilter, WebAsyncManagerIntegrationFilter, SecurityContextHolderFilter, HeaderWriterFilter, CorsFilter, LogoutFilter, JwtAuthenticationFilter, RequestCacheAwareFilter, SecurityContextHolderAwareRequestFilter, AnonymousAuthenticationFilter, SessionManagementFilter, ExceptionTranslationFilter, AuthorizationFilter
2026-02-08 12:35:18.698 [main] INFO  o.a.coyote.http11.Http11NioProtocol - Starting ProtocolHandler ["http-nio-8080"]
2026-02-08 12:35:18.738 [main] INFO  o.s.b.w.e.tomcat.TomcatWebServer - Tomcat started on port 8080 (http) with context path '/api'
2026-02-08 12:35:18.751 [main] INFO  c.c.c.CodingPlatformApplication - Started CodingPlatformApplication in 3.82 seconds (process running for 4.174)
2026-02-08 12:35:23.021 [http-nio-8080-exec-2] INFO  o.a.c.c.C.[.[localhost].[/api] - Initializing Spring DispatcherServlet 'dispatcherServlet'
2026-02-08 12:35:23.021 [http-nio-8080-exec-2] INFO  o.s.web.servlet.DispatcherServlet - Initializing Servlet 'dispatcherServlet'
2026-02-08 12:35:23.022 [http-nio-8080-exec-2] INFO  o.s.web.servlet.DispatcherServlet - Completed initialization in 1 ms
2026-02-08 12:35:23.067 [http-nio-8080-exec-1] DEBUG o.s.security.web.FilterChainProxy - Securing GET /dss/user/menusdsda.json
2026-02-08 12:35:23.067 [http-nio-8080-exec-2] DEBUG o.s.security.web.FilterChainProxy - Securing GET /dss/user/menusdsda.json
2026-02-08 12:35:23.564 [http-nio-8080-exec-2] DEBUG o.s.security.web.FilterChainProxy - Secured GET /dss/user/menusdsda.json
2026-02-08 12:35:23.564 [http-nio-8080-exec-1] DEBUG o.s.security.web.FilterChainProxy - Secured GET /dss/user/menusdsda.json
2026-02-08 12:35:23.582 [http-nio-8080-exec-1] DEBUG o.s.security.web.FilterChainProxy - Securing GET /error
2026-02-08 12:35:23.582 [http-nio-8080-exec-2] DEBUG o.s.security.web.FilterChainProxy - Securing GET /error
2026-02-08 12:35:23.583 [http-nio-8080-exec-1] DEBUG o.s.s.w.a.AnonymousAuthenticationFilter - Set SecurityContextHolder to anonymous SecurityContext
2026-02-08 12:35:23.583 [http-nio-8080-exec-2] DEBUG o.s.s.w.a.AnonymousAuthenticationFilter - Set SecurityContextHolder to anonymous SecurityContext
2026-02-08 12:37:09.340 [http-nio-8080-exec-3] DEBUG o.s.security.web.FilterChainProxy - Securing GET /dss/user/menusdsda.json
2026-02-08 12:37:09.341 [http-nio-8080-exec-4] DEBUG o.s.security.web.FilterChainProxy - Securing GET /dss/user/menusdsda.json
2026-02-08 12:45:21.676 [http-nio-8080-exec-5] DEBUG o.s.security.web.FilterChainProxy - Securing GET /dss/user/menusdsda.json
2026-02-08 12:45:21.676 [http-nio-8080-exec-6] DEBUG o.s.security.web.FilterChainProxy - Securing GET /dss/user/menusdsda.json
2026-02-08 12:45:21.683 [http-nio-8080-exec-6] DEBUG o.s.security.web.FilterChainProxy - Secured GET /dss/user/menusdsda.json
2026-02-08 12:45:21.683 [http-nio-8080-exec-5] DEBUG o.s.security.web.FilterChainProxy - Secured GET /dss/user/menusdsda.json
2026-02-08 12:45:21.686 [http-nio-8080-exec-6] DEBUG o.s.security.web.FilterChainProxy - Securing GET /error
2026-02-08 12:45:21.686 [http-nio-8080-exec-5] DEBUG o.s.security.web.FilterChainProxy - Securing GET /error
2026-02-08 12:45:21.686 [http-nio-8080-exec-6] DEBUG o.s.s.w.a.AnonymousAuthenticationFilter - Set SecurityContextHolder to anonymous SecurityContext
2026-02-08 12:45:21.686 [http-nio-8080-exec-5] DEBUG o.s.s.w.a.AnonymousAuthenticationFilter - Set SecurityContextHolder to anonymous SecurityContext
2026-02-08 12:46:53.311 [http-nio-8080-exec-7] DEBUG o.s.security.web.FilterChainProxy - Securing GET /dss/user/menusdsda.json
2026-02-08 12:46:53.311 [http-nio-8080-exec-8] DEBUG o.s.security.web.FilterChainProxy - Securing GET /dss/user/menusdsda.json
2026-02-08 12:46:53.327 [http-nio-8080-exec-7] DEBUG o.s.security.web.FilterChainProxy - Secured GET /dss/user/menusdsda.json
2026-02-08 12:46:53.327 [http-nio-8080-exec-8] DEBUG o.s.security.web.FilterChainProxy - Secured GET /dss/user/menusdsda.json
2026-02-08 12:46:53.329 [http-nio-8080-exec-8] DEBUG o.s.security.web.FilterChainProxy - Securing GET /error
2026-02-08 12:46:53.329 [http-nio-8080-exec-7] DEBUG o.s.security.web.FilterChainProxy - Securing GET /error
2026-02-08 12:46:53.329 [http-nio-8080-exec-7] DEBUG o.s.s.w.a.AnonymousAuthenticationFilter - Set SecurityContextHolder to anonymous SecurityContext
2026-02-08 12:46:53.329 [http-nio-8080-exec-8] DEBUG o.s.s.w.a.AnonymousAuthenticationFilter - Set SecurityContextHolder to anonymous SecurityContext
2026-02-08 12:46:59.678 [http-nio-8080-exec-9] DEBUG o.s.security.web.FilterChainProxy - Securing GET /dss/user/menusdsda.json
2026-02-08 12:46:59.679 [http-nio-8080-exec-10] DEBUG o.s.security.web.FilterChainProxy - Securing GET /dss/user/menusdsda.json
2026-02-08 12:46:59.685 [http-nio-8080-exec-9] DEBUG o.s.security.web.FilterChainProxy - Secured GET /dss/user/menusdsda.json
2026-02-08 12:46:59.685 [http-nio-8080-exec-10] DEBUG o.s.security.web.FilterChainProxy - Secured GET /dss/user/menusdsda.json
2026-02-08 12:46:59.688 [http-nio-8080-exec-10] DEBUG o.s.security.web.FilterChainProxy - Securing GET /error
2026-02-08 12:46:59.688 [http-nio-8080-exec-9] DEBUG o.s.security.web.FilterChainProxy - Securing GET /error
2026-02-08 12:46:59.688 [http-nio-8080-exec-10] DEBUG o.s.s.w.a.AnonymousAuthenticationFilter - Set SecurityContextHolder to anonymous SecurityContext
2026-02-08 12:46:59.688 [http-nio-8080-exec-9] DEBUG o.s.s.w.a.AnonymousAuthenticationFilter - Set SecurityContextHolder to anonymous SecurityContext
2026-02-08 12:48:11.977 [SpringApplicationShutdownHook] INFO  o.s.b.w.e.tomcat.GracefulShutdown - Commencing graceful shutdown. Waiting for active requests to complete
2026-02-08 12:48:12.270 [tomcat-shutdown] INFO  o.s.b.w.e.tomcat.GracefulShutdown - Graceful shutdown complete
2026-02-08 12:48:12.279 [SpringApplicationShutdownHook] INFO  c.alibaba.druid.pool.DruidDataSource - {dataSource-0} closing ...
2026-02-08 12:48:14.676 [background-preinit] INFO  o.h.validator.internal.util.Version - HV000001: Hibernate Validator 8.0.3.Final
2026-02-08 12:48:14.705 [main] INFO  c.c.c.CodingPlatformApplication - Starting CodingPlatformApplication using Java 17.0.12 with PID 26896 (F:\my-github\coding-platform\coding-platform-web\target\classes started by Caigh in F:\my-github\coding-platform\coding-platform-web)
2026-02-08 12:48:14.706 [main] INFO  c.c.c.CodingPlatformApplication - No active profile set, falling back to 1 default profile: "default"
2026-02-08 12:48:15.360 [main] INFO  o.s.d.r.c.RepositoryConfigurationDelegate - Multiple Spring Data modules found, entering strict repository configuration mode
2026-02-08 12:48:15.361 [main] INFO  o.s.d.r.c.RepositoryConfigurationDelegate - Bootstrapping Spring Data Redis repositories in DEFAULT mode.
2026-02-08 12:48:15.388 [main] INFO  o.s.d.r.c.RepositoryConfigurationDelegate - Finished Spring Data repository scanning in 11 ms. Found 0 Redis repository interfaces.
2026-02-08 12:48:15.501 [main] DEBUG o.m.s.mapper.ClassPathMapperScanner - Identified candidate component class: file [F:\my-github\coding-platform\coding-platform-web\target\classes\cn\caigh\coding_platform\dao\UserDao.class]
2026-02-08 12:48:15.502 [main] DEBUG o.m.s.mapper.ClassPathMapperScanner - Creating MapperFactoryBean with name 'userDao' and 'cn.caigh.coding_platform.dao.UserDao' mapperInterface
2026-02-08 12:48:15.504 [main] DEBUG o.m.s.mapper.ClassPathMapperScanner - Enabling autowire by type for MapperFactoryBean with name 'userDao'.
2026-02-08 12:48:16.101 [main] INFO  o.s.b.w.e.tomcat.TomcatWebServer - Tomcat initialized with port 8080 (http)
2026-02-08 12:48:16.108 [main] INFO  o.a.coyote.http11.Http11NioProtocol - Initializing ProtocolHandler ["http-nio-8080"]
2026-02-08 12:48:16.111 [main] INFO  o.a.catalina.core.StandardService - Starting service [Tomcat]
2026-02-08 12:48:16.111 [main] INFO  o.a.catalina.core.StandardEngine - Starting Servlet engine: [Apache Tomcat/10.1.50]
2026-02-08 12:48:16.147 [main] INFO  o.a.c.c.C.[.[localhost].[/api] - Initializing Spring embedded WebApplicationContext
2026-02-08 12:48:16.147 [main] INFO  o.s.b.w.s.c.ServletWebServerApplicationContext - Root WebApplicationContext: initialization completed in 1395 ms
2026-02-08 12:48:17.052 [main] DEBUG o.m.spring.SqlSessionFactoryBean - Property 'mapperLocations' was not specified.
2026-02-08 12:48:17.484 [main] INFO  o.s.s.c.a.a.c.InitializeUserDetailsBeanManagerConfigurer$InitializeUserDetailsManagerConfigurer - Global AuthenticationManager configured with UserDetailsService bean with name userDetailsServiceImpl
2026-02-08 12:48:17.657 [main] DEBUG o.s.s.web.DefaultSecurityFilterChain - Will secure any request with filters: DisableEncodeUrlFilter, WebAsyncManagerIntegrationFilter, SecurityContextHolderFilter, HeaderWriterFilter, CorsFilter, LogoutFilter, JwtAuthenticationFilter, RequestCacheAwareFilter, SecurityContextHolderAwareRequestFilter, AnonymousAuthenticationFilter, SessionManagementFilter, ExceptionTranslationFilter, AuthorizationFilter
2026-02-08 12:48:18.151 [main] INFO  o.a.coyote.http11.Http11NioProtocol - Starting ProtocolHandler ["http-nio-8080"]
2026-02-08 12:48:18.191 [main] INFO  o.s.b.w.e.tomcat.TomcatWebServer - Tomcat started on port 8080 (http) with context path '/api'
2026-02-08 12:48:18.205 [main] INFO  c.c.c.CodingPlatformApplication - Started CodingPlatformApplication in 3.784 seconds (process running for 4.116)
2026-02-08 12:48:21.591 [http-nio-8080-exec-2] INFO  o.a.c.c.C.[.[localhost].[/api] - Initializing Spring DispatcherServlet 'dispatcherServlet'
2026-02-08 12:48:21.592 [http-nio-8080-exec-2] INFO  o.s.web.servlet.DispatcherServlet - Initializing Servlet 'dispatcherServlet'
2026-02-08 12:48:21.592 [http-nio-8080-exec-2] INFO  o.s.web.servlet.DispatcherServlet - Completed initialization in 0 ms
2026-02-08 12:48:21.607 [http-nio-8080-exec-1] DEBUG o.s.security.web.FilterChainProxy - Securing GET /dss/user/menusdsda.json
2026-02-08 12:48:21.608 [http-nio-8080-exec-2] DEBUG o.s.security.web.FilterChainProxy - Securing GET /dss/user/menusdsda.json
2026-02-08 12:48:22.042 [http-nio-8080-exec-2] DEBUG o.s.security.web.FilterChainProxy - Secured GET /dss/user/menusdsda.json
2026-02-08 12:48:22.042 [http-nio-8080-exec-1] DEBUG o.s.security.web.FilterChainProxy - Secured GET /dss/user/menusdsda.json
2026-02-08 12:48:22.054 [http-nio-8080-exec-2] DEBUG o.s.security.web.FilterChainProxy - Securing GET /error
2026-02-08 12:48:22.054 [http-nio-8080-exec-1] DEBUG o.s.security.web.FilterChainProxy - Securing GET /error
2026-02-08 12:48:22.054 [http-nio-8080-exec-1] DEBUG o.s.s.w.a.AnonymousAuthenticationFilter - Set SecurityContextHolder to anonymous SecurityContext
2026-02-08 12:48:22.054 [http-nio-8080-exec-2] DEBUG o.s.s.w.a.AnonymousAuthenticationFilter - Set SecurityContextHolder to anonymous SecurityContext
2026-02-08 12:48:37.475 [http-nio-8080-exec-4] DEBUG o.s.security.web.FilterChainProxy - Securing GET /dss/user/menusdsda.json
2026-02-08 12:48:37.475 [http-nio-8080-exec-3] DEBUG o.s.security.web.FilterChainProxy - Securing GET /dss/user/menusdsda.json
2026-02-08 12:48:37.479 [http-nio-8080-exec-4] DEBUG o.s.security.web.FilterChainProxy - Secured GET /dss/user/menusdsda.json
2026-02-08 12:48:37.480 [http-nio-8080-exec-3] DEBUG o.s.security.web.FilterChainProxy - Secured GET /dss/user/menusdsda.json
2026-02-08 12:48:37.483 [http-nio-8080-exec-3] DEBUG o.s.security.web.FilterChainProxy - Securing GET /error
2026-02-08 12:48:37.483 [http-nio-8080-exec-3] DEBUG o.s.s.w.a.AnonymousAuthenticationFilter - Set SecurityContextHolder to anonymous SecurityContext
2026-02-08 12:48:37.483 [http-nio-8080-exec-4] DEBUG o.s.security.web.FilterChainProxy - Securing GET /error
2026-02-08 12:48:37.483 [http-nio-8080-exec-4] DEBUG o.s.s.w.a.AnonymousAuthenticationFilter - Set SecurityContextHolder to anonymous SecurityContext
2026-02-08 12:48:51.703 [http-nio-8080-exec-6] DEBUG o.s.security.web.FilterChainProxy - Securing GET /dss/user/menusdsda.json
2026-02-08 12:48:51.703 [http-nio-8080-exec-5] DEBUG o.s.security.web.FilterChainProxy - Securing GET /dss/user/menusdsda.json
2026-02-08 12:48:51.709 [http-nio-8080-exec-5] DEBUG o.s.security.web.FilterChainProxy - Secured GET /dss/user/menusdsda.json
2026-02-08 12:48:51.709 [http-nio-8080-exec-6] DEBUG o.s.security.web.FilterChainProxy - Secured GET /dss/user/menusdsda.json
2026-02-08 12:48:51.713 [http-nio-8080-exec-6] DEBUG o.s.security.web.FilterChainProxy - Securing GET /error
2026-02-08 12:48:51.713 [http-nio-8080-exec-5] DEBUG o.s.security.web.FilterChainProxy - Securing GET /error
2026-02-08 12:48:51.713 [http-nio-8080-exec-6] DEBUG o.s.s.w.a.AnonymousAuthenticationFilter - Set SecurityContextHolder to anonymous SecurityContext
2026-02-08 12:48:51.713 [http-nio-8080-exec-5] DEBUG o.s.s.w.a.AnonymousAuthenticationFilter - Set SecurityContextHolder to anonymous SecurityContext
2026-02-08 12:49:09.930 [http-nio-8080-exec-7] DEBUG o.s.security.web.FilterChainProxy - Securing GET /dss/user/menusdsda.json
2026-02-08 12:49:09.930 [http-nio-8080-exec-8] DEBUG o.s.security.web.FilterChainProxy - Securing GET /dss/user/menusdsda.json
2026-02-08 12:49:09.944 [http-nio-8080-exec-8] DEBUG o.s.security.web.FilterChainProxy - Secured GET /dss/user/menusdsda.json
2026-02-08 12:49:09.945 [http-nio-8080-exec-7] DEBUG o.s.security.web.FilterChainProxy - Secured GET /dss/user/menusdsda.json
2026-02-08 12:49:09.946 [http-nio-8080-exec-8] DEBUG o.s.security.web.FilterChainProxy - Securing GET /error
2026-02-08 12:49:09.946 [http-nio-8080-exec-7] DEBUG o.s.security.web.FilterChainProxy - Securing GET /error
2026-02-08 12:49:09.946 [http-nio-8080-exec-8] DEBUG o.s.s.w.a.AnonymousAuthenticationFilter - Set SecurityContextHolder to anonymous SecurityContext
2026-02-08 12:49:09.946 [http-nio-8080-exec-7] DEBUG o.s.s.w.a.AnonymousAuthenticationFilter - Set SecurityContextHolder to anonymous SecurityContext
2026-02-08 12:49:13.247 [SpringApplicationShutdownHook] INFO  o.s.b.w.e.tomcat.GracefulShutdown - Commencing graceful shutdown. Waiting for active requests to complete
2026-02-08 12:49:13.530 [tomcat-shutdown] INFO  o.s.b.w.e.tomcat.GracefulShutdown - Graceful shutdown complete
2026-02-08 12:49:13.538 [SpringApplicationShutdownHook] INFO  c.alibaba.druid.pool.DruidDataSource - {dataSource-0} closing ...
2026-02-08 12:49:15.617 [background-preinit] INFO  o.h.validator.internal.util.Version - HV000001: Hibernate Validator 8.0.3.Final
2026-02-08 12:49:15.662 [main] INFO  c.c.c.CodingPlatformApplication - Starting CodingPlatformApplication using Java 17.0.12 with PID 27492 (F:\my-github\coding-platform\coding-platform-web\target\classes started by Caigh in F:\my-github\coding-platform\coding-platform-web)
2026-02-08 12:49:15.663 [main] INFO  c.c.c.CodingPlatformApplication - No active profile set, falling back to 1 default profile: "default"
2026-02-08 12:49:16.277 [main] INFO  o.s.d.r.c.RepositoryConfigurationDelegate - Multiple Spring Data modules found, entering strict repository configuration mode
2026-02-08 12:49:16.278 [main] INFO  o.s.d.r.c.RepositoryConfigurationDelegate - Bootstrapping Spring Data Redis repositories in DEFAULT mode.
2026-02-08 12:49:16.309 [main] INFO  o.s.d.r.c.RepositoryConfigurationDelegate - Finished Spring Data repository scanning in 12 ms. Found 0 Redis repository interfaces.
2026-02-08 12:49:16.417 [main] DEBUG o.m.s.mapper.ClassPathMapperScanner - Identified candidate component class: file [F:\my-github\coding-platform\coding-platform-web\target\classes\cn\caigh\coding_platform\dao\UserDao.class]
2026-02-08 12:49:16.418 [main] DEBUG o.m.s.mapper.ClassPathMapperScanner - Creating MapperFactoryBean with name 'userDao' and 'cn.caigh.coding_platform.dao.UserDao' mapperInterface
2026-02-08 12:49:16.420 [main] DEBUG o.m.s.mapper.ClassPathMapperScanner - Enabling autowire by type for MapperFactoryBean with name 'userDao'.
2026-02-08 12:49:17.034 [main] INFO  o.s.b.w.e.tomcat.TomcatWebServer - Tomcat initialized with port 8080 (http)
2026-02-08 12:49:17.045 [main] INFO  o.a.coyote.http11.Http11NioProtocol - Initializing ProtocolHandler ["http-nio-8080"]
2026-02-08 12:49:17.047 [main] INFO  o.a.catalina.core.StandardService - Starting service [Tomcat]
2026-02-08 12:49:17.047 [main] INFO  o.a.catalina.core.StandardEngine - Starting Servlet engine: [Apache Tomcat/10.1.50]
2026-02-08 12:49:17.114 [main] INFO  o.a.c.c.C.[.[localhost].[/api] - Initializing Spring embedded WebApplicationContext
2026-02-08 12:49:17.114 [main] INFO  o.s.b.w.s.c.ServletWebServerApplicationContext - Root WebApplicationContext: initialization completed in 1405 ms
2026-02-08 12:49:18.062 [main] DEBUG o.m.spring.SqlSessionFactoryBean - Property 'mapperLocations' was not specified.
2026-02-08 12:49:18.516 [main] INFO  o.s.s.c.a.a.c.InitializeUserDetailsBeanManagerConfigurer$InitializeUserDetailsManagerConfigurer - Global AuthenticationManager configured with UserDetailsService bean with name userDetailsServiceImpl
2026-02-08 12:49:18.674 [main] DEBUG o.s.s.web.DefaultSecurityFilterChain - Will secure any request with filters: DisableEncodeUrlFilter, WebAsyncManagerIntegrationFilter, SecurityContextHolderFilter, HeaderWriterFilter, CorsFilter, LogoutFilter, JwtAuthenticationFilter, RequestCacheAwareFilter, SecurityContextHolderAwareRequestFilter, AnonymousAuthenticationFilter, SessionManagementFilter, ExceptionTranslationFilter, AuthorizationFilter
2026-02-08 12:49:19.169 [main] INFO  o.a.coyote.http11.Http11NioProtocol - Starting ProtocolHandler ["http-nio-8080"]
2026-02-08 12:49:19.207 [main] INFO  o.s.b.w.e.tomcat.TomcatWebServer - Tomcat started on port 8080 (http) with context path '/api'
2026-02-08 12:49:19.226 [main] INFO  c.c.c.CodingPlatformApplication - Started CodingPlatformApplication in 3.84 seconds (process running for 4.181)
2026-02-08 12:49:22.898 [http-nio-8080-exec-1] INFO  o.a.c.c.C.[.[localhost].[/api] - Initializing Spring DispatcherServlet 'dispatcherServlet'
2026-02-08 12:49:22.898 [http-nio-8080-exec-1] INFO  o.s.web.servlet.DispatcherServlet - Initializing Servlet 'dispatcherServlet'
2026-02-08 12:49:22.899 [http-nio-8080-exec-1] INFO  o.s.web.servlet.DispatcherServlet - Completed initialization in 1 ms
2026-02-08 12:49:22.913 [http-nio-8080-exec-2] DEBUG o.s.security.web.FilterChainProxy - Securing GET /dss/user/menusdsda.json
2026-02-08 12:49:22.913 [http-nio-8080-exec-1] DEBUG o.s.security.web.FilterChainProxy - Securing GET /dss/user/menusdsda.json
2026-02-08 12:49:23.419 [http-nio-8080-exec-1] DEBUG o.s.security.web.FilterChainProxy - Secured GET /dss/user/menusdsda.json
2026-02-08 12:49:23.419 [http-nio-8080-exec-2] DEBUG o.s.security.web.FilterChainProxy - Secured GET /dss/user/menusdsda.json
2026-02-08 12:55:40.659 [SpringApplicationShutdownHook] INFO  o.s.b.w.e.tomcat.GracefulShutdown - Commencing graceful shutdown. Waiting for active requests to complete
2026-02-08 12:55:40.932 [tomcat-shutdown] INFO  o.s.b.w.e.tomcat.GracefulShutdown - Graceful shutdown complete
2026-02-08 12:55:40.941 [SpringApplicationShutdownHook] INFO  c.alibaba.druid.pool.DruidDataSource - {dataSource-0} closing ...
2026-02-08 12:55:42.988 [background-preinit] INFO  o.h.validator.internal.util.Version - HV000001: Hibernate Validator 8.0.3.Final
2026-02-08 12:55:43.016 [main] INFO  c.c.c.CodingPlatformApplication - Starting CodingPlatformApplication using Java 17.0.12 with PID 19836 (F:\my-github\coding-platform\coding-platform-web\target\classes started by Caigh in F:\my-github\coding-platform\coding-platform-web)
2026-02-08 12:55:43.018 [main] INFO  c.c.c.CodingPlatformApplication - No active profile set, falling back to 1 default profile: "default"
2026-02-08 12:55:43.616 [main] INFO  o.s.d.r.c.RepositoryConfigurationDelegate - Multiple Spring Data modules found, entering strict repository configuration mode
2026-02-08 12:55:43.618 [main] INFO  o.s.d.r.c.RepositoryConfigurationDelegate - Bootstrapping Spring Data Redis repositories in DEFAULT mode.
2026-02-08 12:55:43.645 [main] INFO  o.s.d.r.c.RepositoryConfigurationDelegate - Finished Spring Data repository scanning in 11 ms. Found 0 Redis repository interfaces.
2026-02-08 12:55:43.751 [main] DEBUG o.m.s.mapper.ClassPathMapperScanner - Identified candidate component class: file [F:\my-github\coding-platform\coding-platform-web\target\classes\cn\caigh\coding_platform\dao\UserDao.class]
2026-02-08 12:55:43.751 [main] DEBUG o.m.s.mapper.ClassPathMapperScanner - Creating MapperFactoryBean with name 'userDao' and 'cn.caigh.coding_platform.dao.UserDao' mapperInterface
2026-02-08 12:55:43.752 [main] DEBUG o.m.s.mapper.ClassPathMapperScanner - Enabling autowire by type for MapperFactoryBean with name 'userDao'.
2026-02-08 12:55:44.417 [main] INFO  o.s.b.w.e.tomcat.TomcatWebServer - Tomcat initialized with port 8080 (http)
2026-02-08 12:55:44.423 [main] INFO  o.a.coyote.http11.Http11NioProtocol - Initializing ProtocolHandler ["http-nio-8080"]
2026-02-08 12:55:44.424 [main] INFO  o.a.catalina.core.StandardService - Starting service [Tomcat]
2026-02-08 12:55:44.424 [main] INFO  o.a.catalina.core.StandardEngine - Starting Servlet engine: [Apache Tomcat/10.1.50]
2026-02-08 12:55:44.465 [main] INFO  o.a.c.c.C.[.[localhost].[/api] - Initializing Spring embedded WebApplicationContext
2026-02-08 12:55:44.466 [main] INFO  o.s.b.w.s.c.ServletWebServerApplicationContext - Root WebApplicationContext: initialization completed in 1414 ms
2026-02-08 12:55:45.314 [main] DEBUG o.m.spring.SqlSessionFactoryBean - Property 'mapperLocations' was not specified.
2026-02-08 12:55:45.736 [main] INFO  o.s.s.c.a.a.c.InitializeUserDetailsBeanManagerConfigurer$InitializeUserDetailsManagerConfigurer - Global AuthenticationManager configured with UserDetailsService bean with name userDetailsServiceImpl
2026-02-08 12:55:45.887 [main] DEBUG o.s.s.web.DefaultSecurityFilterChain - Will secure any request with filters: DisableEncodeUrlFilter, WebAsyncManagerIntegrationFilter, SecurityContextHolderFilter, HeaderWriterFilter, CorsFilter, LogoutFilter, JwtAuthenticationFilter, RequestCacheAwareFilter, SecurityContextHolderAwareRequestFilter, AnonymousAuthenticationFilter, SessionManagementFilter, ExceptionTranslationFilter, AuthorizationFilter
2026-02-08 12:55:46.376 [main] INFO  o.a.coyote.http11.Http11NioProtocol - Starting ProtocolHandler ["http-nio-8080"]
2026-02-08 12:55:46.411 [main] INFO  o.s.b.w.e.tomcat.TomcatWebServer - Tomcat started on port 8080 (http) with context path '/api'
2026-02-08 12:55:46.423 [main] INFO  c.c.c.CodingPlatformApplication - Started CodingPlatformApplication in 3.644 seconds (process running for 3.961)
2026-02-08 12:55:51.826 [http-nio-8080-exec-1] INFO  o.a.c.c.C.[.[localhost].[/api] - Initializing Spring DispatcherServlet 'dispatcherServlet'
2026-02-08 12:55:51.826 [http-nio-8080-exec-1] INFO  o.s.web.servlet.DispatcherServlet - Initializing Servlet 'dispatcherServlet'
2026-02-08 12:55:51.827 [http-nio-8080-exec-1] INFO  o.s.web.servlet.DispatcherServlet - Completed initialization in 1 ms
2026-02-08 12:55:51.841 [http-nio-8080-exec-1] DEBUG o.s.security.web.FilterChainProxy - Securing GET /dss/user/menusdsda.json
2026-02-08 12:55:51.841 [http-nio-8080-exec-2] DEBUG o.s.security.web.FilterChainProxy - Securing GET /dss/user/menusdsda.json
2026-02-08 12:55:52.341 [http-nio-8080-exec-2] DEBUG o.s.security.web.FilterChainProxy - Secured GET /dss/user/menusdsda.json
2026-02-08 12:55:52.341 [http-nio-8080-exec-1] DEBUG o.s.security.web.FilterChainProxy - Secured GET /dss/user/menusdsda.json
2026-02-08 12:56:27.815 [SpringApplicationShutdownHook] INFO  o.s.b.w.e.tomcat.GracefulShutdown - Commencing graceful shutdown. Waiting for active requests to complete
2026-02-08 12:56:28.106 [tomcat-shutdown] INFO  o.s.b.w.e.tomcat.GracefulShutdown - Graceful shutdown complete
2026-02-08 12:56:28.115 [SpringApplicationShutdownHook] INFO  c.alibaba.druid.pool.DruidDataSource - {dataSource-0} closing ...
2026-02-08 12:56:30.201 [background-preinit] INFO  o.h.validator.internal.util.Version - HV000001: Hibernate Validator 8.0.3.Final
2026-02-08 12:56:30.236 [main] INFO  c.c.c.CodingPlatformApplication - Starting CodingPlatformApplication using Java 17.0.12 with PID 24992 (F:\my-github\coding-platform\coding-platform-web\target\classes started by Caigh in F:\my-github\coding-platform\coding-platform-web)
2026-02-08 12:56:30.237 [main] INFO  c.c.c.CodingPlatformApplication - No active profile set, falling back to 1 default profile: "default"
2026-02-08 12:56:30.895 [main] INFO  o.s.d.r.c.RepositoryConfigurationDelegate - Multiple Spring Data modules found, entering strict repository configuration mode
2026-02-08 12:56:30.897 [main] INFO  o.s.d.r.c.RepositoryConfigurationDelegate - Bootstrapping Spring Data Redis repositories in DEFAULT mode.
2026-02-08 12:56:30.922 [main] INFO  o.s.d.r.c.RepositoryConfigurationDelegate - Finished Spring Data repository scanning in 12 ms. Found 0 Redis repository interfaces.
2026-02-08 12:56:31.043 [main] DEBUG o.m.s.mapper.ClassPathMapperScanner - Identified candidate component class: file [F:\my-github\coding-platform\coding-platform-web\target\classes\cn\caigh\coding_platform\dao\UserDao.class]
2026-02-08 12:56:31.044 [main] DEBUG o.m.s.mapper.ClassPathMapperScanner - Creating MapperFactoryBean with name 'userDao' and 'cn.caigh.coding_platform.dao.UserDao' mapperInterface
2026-02-08 12:56:31.046 [main] DEBUG o.m.s.mapper.ClassPathMapperScanner - Enabling autowire by type for MapperFactoryBean with name 'userDao'.
2026-02-08 12:56:31.739 [main] INFO  o.s.b.w.e.tomcat.TomcatWebServer - Tomcat initialized with port 8080 (http)
2026-02-08 12:56:31.750 [main] INFO  o.a.coyote.http11.Http11NioProtocol - Initializing ProtocolHandler ["http-nio-8080"]
2026-02-08 12:56:31.751 [main] INFO  o.a.catalina.core.StandardService - Starting service [Tomcat]
2026-02-08 12:56:31.752 [main] INFO  o.a.catalina.core.StandardEngine - Starting Servlet engine: [Apache Tomcat/10.1.50]
2026-02-08 12:56:31.805 [main] INFO  o.a.c.c.C.[.[localhost].[/api] - Initializing Spring embedded WebApplicationContext
2026-02-08 12:56:31.806 [main] INFO  o.s.b.w.s.c.ServletWebServerApplicationContext - Root WebApplicationContext: initialization completed in 1528 ms
2026-02-08 12:56:32.801 [main] DEBUG o.m.spring.SqlSessionFactoryBean - Property 'mapperLocations' was not specified.
2026-02-08 12:56:33.280 [main] INFO  o.s.s.c.a.a.c.InitializeUserDetailsBeanManagerConfigurer$InitializeUserDetailsManagerConfigurer - Global AuthenticationManager configured with UserDetailsService bean with name userDetailsServiceImpl
2026-02-08 12:56:33.463 [main] DEBUG o.s.s.web.DefaultSecurityFilterChain - Will secure any request with filters: DisableEncodeUrlFilter, WebAsyncManagerIntegrationFilter, SecurityContextHolderFilter, HeaderWriterFilter, CorsFilter, LogoutFilter, JwtAuthenticationFilter, RequestCacheAwareFilter, SecurityContextHolderAwareRequestFilter, AnonymousAuthenticationFilter, SessionManagementFilter, ExceptionTranslationFilter, AuthorizationFilter
2026-02-08 12:56:33.975 [main] INFO  o.a.coyote.http11.Http11NioProtocol - Starting ProtocolHandler ["http-nio-8080"]
2026-02-08 12:56:34.003 [main] INFO  o.s.b.w.e.tomcat.TomcatWebServer - Tomcat started on port 8080 (http) with context path '/api'
2026-02-08 12:56:34.016 [main] INFO  c.c.c.CodingPlatformApplication - Started CodingPlatformApplication in 4.032 seconds (process running for 4.347)
2026-02-08 12:56:37.980 [http-nio-8080-exec-1] INFO  o.a.c.c.C.[.[localhost].[/api] - Initializing Spring DispatcherServlet 'dispatcherServlet'
2026-02-08 12:56:37.980 [http-nio-8080-exec-1] INFO  o.s.web.servlet.DispatcherServlet - Initializing Servlet 'dispatcherServlet'
2026-02-08 12:56:37.981 [http-nio-8080-exec-1] INFO  o.s.web.servlet.DispatcherServlet - Completed initialization in 1 ms
2026-02-08 12:56:38.011 [http-nio-8080-exec-2] DEBUG o.s.security.web.FilterChainProxy - Securing GET /dss/user/menusdsda.json
2026-02-08 12:56:38.011 [http-nio-8080-exec-1] DEBUG o.s.security.web.FilterChainProxy - Securing GET /dss/user/menusdsda.json
2026-02-08 12:56:38.508 [http-nio-8080-exec-1] DEBUG o.s.security.web.FilterChainProxy - Secured GET /dss/user/menusdsda.json
2026-02-08 12:56:38.508 [http-nio-8080-exec-2] DEBUG o.s.security.web.FilterChainProxy - Secured GET /dss/user/menusdsda.json
2026-02-08 12:57:15.292 [SpringApplicationShutdownHook] INFO  o.s.b.w.e.tomcat.GracefulShutdown - Commencing graceful shutdown. Waiting for active requests to complete
2026-02-08 12:57:15.580 [tomcat-shutdown] INFO  o.s.b.w.e.tomcat.GracefulShutdown - Graceful shutdown complete
2026-02-08 12:57:15.591 [SpringApplicationShutdownHook] INFO  c.alibaba.druid.pool.DruidDataSource - {dataSource-0} closing ...
2026-02-08 12:57:17.753 [background-preinit] INFO  o.h.validator.internal.util.Version - HV000001: Hibernate Validator 8.0.3.Final
2026-02-08 12:57:17.788 [main] INFO  c.c.c.CodingPlatformApplication - Starting CodingPlatformApplication using Java 17.0.12 with PID 23496 (F:\my-github\coding-platform\coding-platform-web\target\classes started by Caigh in F:\my-github\coding-platform\coding-platform-web)
2026-02-08 12:57:17.789 [main] INFO  c.c.c.CodingPlatformApplication - No active profile set, falling back to 1 default profile: "default"
2026-02-08 12:57:18.375 [main] INFO  o.s.d.r.c.RepositoryConfigurationDelegate - Multiple Spring Data modules found, entering strict repository configuration mode
2026-02-08 12:57:18.377 [main] INFO  o.s.d.r.c.RepositoryConfigurationDelegate - Bootstrapping Spring Data Redis repositories in DEFAULT mode.
2026-02-08 12:57:18.401 [main] INFO  o.s.d.r.c.RepositoryConfigurationDelegate - Finished Spring Data repository scanning in 13 ms. Found 0 Redis repository interfaces.
2026-02-08 12:57:18.512 [main] DEBUG o.m.s.mapper.ClassPathMapperScanner - Identified candidate component class: file [F:\my-github\coding-platform\coding-platform-web\target\classes\cn\caigh\coding_platform\dao\UserDao.class]
2026-02-08 12:57:18.513 [main] DEBUG o.m.s.mapper.ClassPathMapperScanner - Creating MapperFactoryBean with name 'userDao' and 'cn.caigh.coding_platform.dao.UserDao' mapperInterface
2026-02-08 12:57:18.514 [main] DEBUG o.m.s.mapper.ClassPathMapperScanner - Enabling autowire by type for MapperFactoryBean with name 'userDao'.
2026-02-08 12:57:19.121 [main] INFO  o.s.b.w.e.tomcat.TomcatWebServer - Tomcat initialized with port 8080 (http)
2026-02-08 12:57:19.128 [main] INFO  o.a.coyote.http11.Http11NioProtocol - Initializing ProtocolHandler ["http-nio-8080"]
2026-02-08 12:57:19.129 [main] INFO  o.a.catalina.core.StandardService - Starting service [Tomcat]
2026-02-08 12:57:19.129 [main] INFO  o.a.catalina.core.StandardEngine - Starting Servlet engine: [Apache Tomcat/10.1.50]
2026-02-08 12:57:19.181 [main] INFO  o.a.c.c.C.[.[localhost].[/api] - Initializing Spring embedded WebApplicationContext
2026-02-08 12:57:19.181 [main] INFO  o.s.b.w.s.c.ServletWebServerApplicationContext - Root WebApplicationContext: initialization completed in 1346 ms
2026-02-08 12:57:20.195 [main] DEBUG o.m.spring.SqlSessionFactoryBean - Property 'mapperLocations' was not specified.
2026-02-08 12:57:20.648 [main] INFO  o.s.s.c.a.a.c.InitializeUserDetailsBeanManagerConfigurer$InitializeUserDetailsManagerConfigurer - Global AuthenticationManager configured with UserDetailsService bean with name userDetailsServiceImpl
2026-02-08 12:57:20.825 [main] DEBUG o.s.s.web.DefaultSecurityFilterChain - Will secure any request with filters: DisableEncodeUrlFilter, WebAsyncManagerIntegrationFilter, SecurityContextHolderFilter, HeaderWriterFilter, CorsFilter, LogoutFilter, JwtAuthenticationFilter, RequestCacheAwareFilter, SecurityContextHolderAwareRequestFilter, AnonymousAuthenticationFilter, SessionManagementFilter, ExceptionTranslationFilter, AuthorizationFilter
2026-02-08 12:57:21.352 [main] INFO  o.a.coyote.http11.Http11NioProtocol - Starting ProtocolHandler ["http-nio-8080"]
2026-02-08 12:57:21.395 [main] INFO  o.s.b.w.e.tomcat.TomcatWebServer - Tomcat started on port 8080 (http) with context path '/api'
2026-02-08 12:57:21.409 [main] INFO  c.c.c.CodingPlatformApplication - Started CodingPlatformApplication in 3.906 seconds (process running for 4.226)
2026-02-08 12:57:25.055 [http-nio-8080-exec-1] INFO  o.a.c.c.C.[.[localhost].[/api] - Initializing Spring DispatcherServlet 'dispatcherServlet'
2026-02-08 12:57:25.055 [http-nio-8080-exec-1] INFO  o.s.web.servlet.DispatcherServlet - Initializing Servlet 'dispatcherServlet'
2026-02-08 12:57:25.056 [http-nio-8080-exec-1] INFO  o.s.web.servlet.DispatcherServlet - Completed initialization in 1 ms
2026-02-08 12:57:25.084 [http-nio-8080-exec-1] DEBUG o.s.security.web.FilterChainProxy - Securing GET /dss/user/menusdsda.json
2026-02-08 12:57:25.084 [http-nio-8080-exec-2] DEBUG o.s.security.web.FilterChainProxy - Securing GET /dss/user/menusdsda.json
2026-02-08 12:57:25.575 [http-nio-8080-exec-1] DEBUG o.s.security.web.FilterChainProxy - Secured GET /dss/user/menusdsda.json
2026-02-08 12:57:25.575 [http-nio-8080-exec-2] DEBUG o.s.security.web.FilterChainProxy - Secured GET /dss/user/menusdsda.json
2026-02-08 12:57:25.590 [http-nio-8080-exec-1] WARN  o.s.w.s.m.m.a.ExceptionHandlerExceptionResolver - Failure in @ExceptionHandler cn.caigh.coding_platform.exception.GlobalExceptionHandler#handleNoHandlerFoundException(NoHandlerFoundException)
java.lang.IllegalStateException: Could not resolve parameter [0] in public cn.caigh.coding_platform.pojo.vo.common.ResultVo<java.lang.String> cn.caigh.coding_platform.exception.GlobalExceptionHandler.handleNoHandlerFoundException(org.springframework.web.servlet.NoHandlerFoundException): No suitable resolver
	at org.springframework.web.method.support.InvocableHandlerMethod.getMethodArgumentValues(InvocableHandlerMethod.java:224)
	at org.springframework.web.method.support.InvocableHandlerMethod.invokeForRequest(InvocableHandlerMethod.java:181)
	at org.springframework.web.servlet.mvc.method.annotation.ServletInvocableHandlerMethod.invokeAndHandle(ServletInvocableHandlerMethod.java:118)
	at org.springframework.web.servlet.mvc.method.annotation.ExceptionHandlerExceptionResolver.doResolveHandlerMethodException(ExceptionHandlerExceptionResolver.java:471)
	at org.springframework.web.servlet.handler.AbstractHandlerMethodExceptionResolver.doResolveException(AbstractHandlerMethodExceptionResolver.java:73)
	at org.springframework.web.servlet.handler.AbstractHandlerExceptionResolver.resolveException(AbstractHandlerExceptionResolver.java:182)
	at org.springframework.web.servlet.handler.HandlerExceptionResolverComposite.resolveException(HandlerExceptionResolverComposite.java:80)
	at org.springframework.web.servlet.DispatcherServlet.processHandlerException(DispatcherServlet.java:1360)
	at org.springframework.web.servlet.DispatcherServlet.processDispatchResult(DispatcherServlet.java:1161)
	at org.springframework.web.servlet.DispatcherServlet.doDispatch(DispatcherServlet.java:1106)
	at org.springframework.web.servlet.DispatcherServlet.doService(DispatcherServlet.java:979)
	at org.springframework.web.servlet.FrameworkServlet.processRequest(FrameworkServlet.java:1014)
	at org.springframework.web.servlet.FrameworkServlet.doGet(FrameworkServlet.java:903)
	at jakarta.servlet.http.HttpServlet.service(HttpServlet.java:564)
	at org.springframework.web.servlet.FrameworkServlet.service(FrameworkServlet.java:885)
	at jakarta.servlet.http.HttpServlet.service(HttpServlet.java:658)
	at org.apache.catalina.core.ApplicationFilterChain.internalDoFilter(ApplicationFilterChain.java:193)
	at org.apache.catalina.core.ApplicationFilterChain.doFilter(ApplicationFilterChain.java:138)
	at org.apache.tomcat.websocket.server.WsFilter.doFilter(WsFilter.java:51)
	at org.apache.catalina.core.ApplicationFilterChain.internalDoFilter(ApplicationFilterChain.java:162)
	at org.apache.catalina.core.ApplicationFilterChain.doFilter(ApplicationFilterChain.java:138)
	at org.springframework.web.filter.OncePerRequestFilter.doFilter(OncePerRequestFilter.java:110)
	at org.apache.catalina.core.ApplicationFilterChain.internalDoFilter(ApplicationFilterChain.java:162)
	at org.apache.catalina.core.ApplicationFilterChain.doFilter(ApplicationFilterChain.java:138)
	at org.springframework.web.filter.CompositeFilter$VirtualFilterChain.doFilter(CompositeFilter.java:108)
	at org.springframework.web.filter.CompositeFilter$VirtualFilterChain.doFilter(CompositeFilter.java:108)
	at org.springframework.security.web.FilterChainProxy.lambda$doFilterInternal$3(FilterChainProxy.java:231)
	at org.springframework.security.web.FilterChainProxy$VirtualFilterChain.doFilter(FilterChainProxy.java:365)
	at org.springframework.security.web.access.intercept.AuthorizationFilter.doFilter(AuthorizationFilter.java:101)
	at org.springframework.security.web.FilterChainProxy$VirtualFilterChain.doFilter(FilterChainProxy.java:374)
	at org.springframework.security.web.access.ExceptionTranslationFilter.doFilter(ExceptionTranslationFilter.java:125)
	at org.springframework.security.web.access.ExceptionTranslationFilter.doFilter(ExceptionTranslationFilter.java:119)
	at org.springframework.security.web.FilterChainProxy$VirtualFilterChain.doFilter(FilterChainProxy.java:374)
	at org.springframework.security.web.session.SessionManagementFilter.doFilter(SessionManagementFilter.java:131)
	at org.springframework.security.web.session.SessionManagementFilter.doFilter(SessionManagementFilter.java:85)
	at org.springframework.security.web.FilterChainProxy$VirtualFilterChain.doFilter(FilterChainProxy.java:374)
	at org.springframework.security.web.authentication.AnonymousAuthenticationFilter.doFilter(AnonymousAuthenticationFilter.java:100)
	at org.springframework.security.web.FilterChainProxy$VirtualFilterChain.doFilter(FilterChainProxy.java:374)
	at org.springframework.security.web.servletapi.SecurityContextHolderAwareRequestFilter.doFilter(SecurityContextHolderAwareRequestFilter.java:179)
	at org.springframework.security.web.FilterChainProxy$VirtualFilterChain.doFilter(FilterChainProxy.java:374)
	at org.springframework.security.web.savedrequest.RequestCacheAwareFilter.doFilter(RequestCacheAwareFilter.java:63)
	at org.springframework.security.web.FilterChainProxy$VirtualFilterChain.doFilter(FilterChainProxy.java:374)
	at cn.caigh.coding_platform.filter.JwtAuthenticationFilter.doFilterInternal(JwtAuthenticationFilter.java:111)
	at org.springframework.web.filter.OncePerRequestFilter.doFilter(OncePerRequestFilter.java:116)
	at org.springframework.security.web.FilterChainProxy$VirtualFilterChain.doFilter(FilterChainProxy.java:374)
	at org.springframework.security.web.authentication.logout.LogoutFilter.doFilter(LogoutFilter.java:107)
	at org.springframework.security.web.authentication.logout.LogoutFilter.doFilter(LogoutFilter.java:93)
	at org.springframework.security.web.FilterChainProxy$VirtualFilterChain.doFilter(FilterChainProxy.java:374)
	at org.springframework.web.filter.CorsFilter.doFilterInternal(CorsFilter.java:91)
	at org.springframework.web.filter.OncePerRequestFilter.doFilter(OncePerRequestFilter.java:116)
	at org.springframework.security.web.FilterChainProxy$VirtualFilterChain.doFilter(FilterChainProxy.java:374)
	at org.springframework.security.web.header.HeaderWriterFilter.doHeadersAfter(HeaderWriterFilter.java:90)
	at org.springframework.security.web.header.HeaderWriterFilter.doFilterInternal(HeaderWriterFilter.java:75)
	at org.springframework.web.filter.OncePerRequestFilter.doFilter(OncePerRequestFilter.java:116)
	at org.springframework.security.web.FilterChainProxy$VirtualFilterChain.doFilter(FilterChainProxy.java:374)
	at org.springframework.security.web.context.SecurityContextHolderFilter.doFilter(SecurityContextHolderFilter.java:82)
	at org.springframework.security.web.context.SecurityContextHolderFilter.doFilter(SecurityContextHolderFilter.java:69)
	at org.springframework.security.web.FilterChainProxy$VirtualFilterChain.doFilter(FilterChainProxy.java:374)
	at org.springframework.security.web.context.request.async.WebAsyncManagerIntegrationFilter.doFilterInternal(WebAsyncManagerIntegrationFilter.java:62)
	at org.springframework.web.filter.OncePerRequestFilter.doFilter(OncePerRequestFilter.java:116)
	at org.springframework.security.web.FilterChainProxy$VirtualFilterChain.doFilter(FilterChainProxy.java:374)
	at org.springframework.security.web.session.DisableEncodeUrlFilter.doFilterInternal(DisableEncodeUrlFilter.java:42)
	at org.springframework.web.filter.OncePerRequestFilter.doFilter(OncePerRequestFilter.java:116)
	at org.springframework.security.web.FilterChainProxy$VirtualFilterChain.doFilter(FilterChainProxy.java:374)
	at org.springframework.security.web.FilterChainProxy.doFilterInternal(FilterChainProxy.java:233)
	at org.springframework.security.web.FilterChainProxy.doFilter(FilterChainProxy.java:191)
	at org.springframework.web.filter.CompositeFilter$VirtualFilterChain.doFilter(CompositeFilter.java:113)
	at org.springframework.web.filter.ServletRequestPathFilter.doFilter(ServletRequestPathFilter.java:52)
	at org.springframework.web.filter.CompositeFilter$VirtualFilterChain.doFilter(CompositeFilter.java:113)
	at org.springframework.web.filter.CompositeFilter.doFilter(CompositeFilter.java:74)
	at org.springframework.security.config.annotation.web.configuration.WebSecurityConfiguration$CompositeFilterChainProxy.doFilter(WebSecurityConfiguration.java:319)
	at org.springframework.web.filter.CompositeFilter$VirtualFilterChain.doFilter(CompositeFilter.java:113)
	at org.springframework.web.servlet.handler.HandlerMappingIntrospector.lambda$createCacheFilter$4(HandlerMappingIntrospector.java:267)
	at org.springframework.web.filter.CompositeFilter$VirtualFilterChain.doFilter(CompositeFilter.java:113)
	at org.springframework.web.filter.CompositeFilter.doFilter(CompositeFilter.java:74)
	at org.springframework.security.config.annotation.web.configuration.WebMvcSecurityConfiguration$CompositeFilterChainProxy.doFilter(WebMvcSecurityConfiguration.java:240)
	at org.springframework.web.filter.DelegatingFilterProxy.invokeDelegate(DelegatingFilterProxy.java:362)
	at org.springframework.web.filter.DelegatingFilterProxy.doFilter(DelegatingFilterProxy.java:278)
	at org.apache.catalina.core.ApplicationFilterChain.internalDoFilter(ApplicationFilterChain.java:162)
	at org.apache.catalina.core.ApplicationFilterChain.doFilter(ApplicationFilterChain.java:138)
	at org.springframework.web.filter.RequestContextFilter.doFilterInternal(RequestContextFilter.java:100)
	at org.springframework.web.filter.OncePerRequestFilter.doFilter(OncePerRequestFilter.java:116)
	at org.apache.catalina.core.ApplicationFilterChain.internalDoFilter(ApplicationFilterChain.java:162)
	at org.apache.catalina.core.ApplicationFilterChain.doFilter(ApplicationFilterChain.java:138)
	at org.springframework.web.filter.FormContentFilter.doFilterInternal(FormContentFilter.java:93)
	at org.springframework.web.filter.OncePerRequestFilter.doFilter(OncePerRequestFilter.java:116)
	at org.apache.catalina.core.ApplicationFilterChain.internalDoFilter(ApplicationFilterChain.java:162)
	at org.apache.catalina.core.ApplicationFilterChain.doFilter(ApplicationFilterChain.java:138)
	at org.springframework.web.filter.CharacterEncodingFilter.doFilterInternal(CharacterEncodingFilter.java:201)
	at org.springframework.web.filter.OncePerRequestFilter.doFilter(OncePerRequestFilter.java:116)
	at org.apache.catalina.core.ApplicationFilterChain.internalDoFilter(ApplicationFilterChain.java:162)
	at org.apache.catalina.core.ApplicationFilterChain.doFilter(ApplicationFilterChain.java:138)
	at org.apache.catalina.core.StandardWrapperValve.invoke(StandardWrapperValve.java:165)
	at org.apache.catalina.core.StandardContextValve.invoke(StandardContextValve.java:88)
	at org.apache.catalina.authenticator.AuthenticatorBase.invoke(AuthenticatorBase.java:482)
	at org.apache.catalina.core.StandardHostValve.invoke(StandardHostValve.java:113)
	at org.apache.catalina.valves.ErrorReportValve.invoke(ErrorReportValve.java:83)
	at org.apache.catalina.core.StandardEngineValve.invoke(StandardEngineValve.java:72)
	at org.apache.catalina.connector.CoyoteAdapter.service(CoyoteAdapter.java:342)
	at org.apache.coyote.http11.Http11Processor.service(Http11Processor.java:399)
	at org.apache.coyote.AbstractProcessorLight.process(AbstractProcessorLight.java:63)
	at org.apache.coyote.AbstractProtocol$ConnectionHandler.process(AbstractProtocol.java:903)
	at org.apache.tomcat.util.net.NioEndpoint$SocketProcessor.doRun(NioEndpoint.java:1774)
	at org.apache.tomcat.util.net.SocketProcessorBase.run(SocketProcessorBase.java:52)
	at org.apache.tomcat.util.threads.ThreadPoolExecutor.runWorker(ThreadPoolExecutor.java:973)
	at org.apache.tomcat.util.threads.ThreadPoolExecutor$Worker.run(ThreadPoolExecutor.java:491)
	at org.apache.tomcat.util.threads.TaskThread$WrappingRunnable.run(TaskThread.java:63)
	at java.base/java.lang.Thread.run(Thread.java:842)
2026-02-08 12:57:25.590 [http-nio-8080-exec-2] WARN  o.s.w.s.m.m.a.ExceptionHandlerExceptionResolver - Failure in @ExceptionHandler cn.caigh.coding_platform.exception.GlobalExceptionHandler#handleNoHandlerFoundException(NoHandlerFoundException)
java.lang.IllegalStateException: Could not resolve parameter [0] in public cn.caigh.coding_platform.pojo.vo.common.ResultVo<java.lang.String> cn.caigh.coding_platform.exception.GlobalExceptionHandler.handleNoHandlerFoundException(org.springframework.web.servlet.NoHandlerFoundException): No suitable resolver
	at org.springframework.web.method.support.InvocableHandlerMethod.getMethodArgumentValues(InvocableHandlerMethod.java:224)
	at org.springframework.web.method.support.InvocableHandlerMethod.invokeForRequest(InvocableHandlerMethod.java:181)
	at org.springframework.web.servlet.mvc.method.annotation.ServletInvocableHandlerMethod.invokeAndHandle(ServletInvocableHandlerMethod.java:118)
	at org.springframework.web.servlet.mvc.method.annotation.ExceptionHandlerExceptionResolver.doResolveHandlerMethodException(ExceptionHandlerExceptionResolver.java:471)
	at org.springframework.web.servlet.handler.AbstractHandlerMethodExceptionResolver.doResolveException(AbstractHandlerMethodExceptionResolver.java:73)
	at org.springframework.web.servlet.handler.AbstractHandlerExceptionResolver.resolveException(AbstractHandlerExceptionResolver.java:182)
	at org.springframework.web.servlet.handler.HandlerExceptionResolverComposite.resolveException(HandlerExceptionResolverComposite.java:80)
	at org.springframework.web.servlet.DispatcherServlet.processHandlerException(DispatcherServlet.java:1360)
	at org.springframework.web.servlet.DispatcherServlet.processDispatchResult(DispatcherServlet.java:1161)
	at org.springframework.web.servlet.DispatcherServlet.doDispatch(DispatcherServlet.java:1106)
	at org.springframework.web.servlet.DispatcherServlet.doService(DispatcherServlet.java:979)
	at org.springframework.web.servlet.FrameworkServlet.processRequest(FrameworkServlet.java:1014)
	at org.springframework.web.servlet.FrameworkServlet.doGet(FrameworkServlet.java:903)
	at jakarta.servlet.http.HttpServlet.service(HttpServlet.java:564)
	at org.springframework.web.servlet.FrameworkServlet.service(FrameworkServlet.java:885)
	at jakarta.servlet.http.HttpServlet.service(HttpServlet.java:658)
	at org.apache.catalina.core.ApplicationFilterChain.internalDoFilter(ApplicationFilterChain.java:193)
	at org.apache.catalina.core.ApplicationFilterChain.doFilter(ApplicationFilterChain.java:138)
	at org.apache.tomcat.websocket.server.WsFilter.doFilter(WsFilter.java:51)
	at org.apache.catalina.core.ApplicationFilterChain.internalDoFilter(ApplicationFilterChain.java:162)
	at org.apache.catalina.core.ApplicationFilterChain.doFilter(ApplicationFilterChain.java:138)
	at org.springframework.web.filter.OncePerRequestFilter.doFilter(OncePerRequestFilter.java:110)
	at org.apache.catalina.core.ApplicationFilterChain.internalDoFilter(ApplicationFilterChain.java:162)
	at org.apache.catalina.core.ApplicationFilterChain.doFilter(ApplicationFilterChain.java:138)
	at org.springframework.web.filter.CompositeFilter$VirtualFilterChain.doFilter(CompositeFilter.java:108)
	at org.springframework.web.filter.CompositeFilter$VirtualFilterChain.doFilter(CompositeFilter.java:108)
	at org.springframework.security.web.FilterChainProxy.lambda$doFilterInternal$3(FilterChainProxy.java:231)
	at org.springframework.security.web.FilterChainProxy$VirtualFilterChain.doFilter(FilterChainProxy.java:365)
	at org.springframework.security.web.access.intercept.AuthorizationFilter.doFilter(AuthorizationFilter.java:101)
	at org.springframework.security.web.FilterChainProxy$VirtualFilterChain.doFilter(FilterChainProxy.java:374)
	at org.springframework.security.web.access.ExceptionTranslationFilter.doFilter(ExceptionTranslationFilter.java:125)
	at org.springframework.security.web.access.ExceptionTranslationFilter.doFilter(ExceptionTranslationFilter.java:119)
	at org.springframework.security.web.FilterChainProxy$VirtualFilterChain.doFilter(FilterChainProxy.java:374)
	at org.springframework.security.web.session.SessionManagementFilter.doFilter(SessionManagementFilter.java:131)
	at org.springframework.security.web.session.SessionManagementFilter.doFilter(SessionManagementFilter.java:85)
	at org.springframework.security.web.FilterChainProxy$VirtualFilterChain.doFilter(FilterChainProxy.java:374)
	at org.springframework.security.web.authentication.AnonymousAuthenticationFilter.doFilter(AnonymousAuthenticationFilter.java:100)
	at org.springframework.security.web.FilterChainProxy$VirtualFilterChain.doFilter(FilterChainProxy.java:374)
	at org.springframework.security.web.servletapi.SecurityContextHolderAwareRequestFilter.doFilter(SecurityContextHolderAwareRequestFilter.java:179)
	at org.springframework.security.web.FilterChainProxy$VirtualFilterChain.doFilter(FilterChainProxy.java:374)
	at org.springframework.security.web.savedrequest.RequestCacheAwareFilter.doFilter(RequestCacheAwareFilter.java:63)
	at org.springframework.security.web.FilterChainProxy$VirtualFilterChain.doFilter(FilterChainProxy.java:374)
	at cn.caigh.coding_platform.filter.JwtAuthenticationFilter.doFilterInternal(JwtAuthenticationFilter.java:111)
	at org.springframework.web.filter.OncePerRequestFilter.doFilter(OncePerRequestFilter.java:116)
	at org.springframework.security.web.FilterChainProxy$VirtualFilterChain.doFilter(FilterChainProxy.java:374)
	at org.springframework.security.web.authentication.logout.LogoutFilter.doFilter(LogoutFilter.java:107)
	at org.springframework.security.web.authentication.logout.LogoutFilter.doFilter(LogoutFilter.java:93)
	at org.springframework.security.web.FilterChainProxy$VirtualFilterChain.doFilter(FilterChainProxy.java:374)
	at org.springframework.web.filter.CorsFilter.doFilterInternal(CorsFilter.java:91)
	at org.springframework.web.filter.OncePerRequestFilter.doFilter(OncePerRequestFilter.java:116)
	at org.springframework.security.web.FilterChainProxy$VirtualFilterChain.doFilter(FilterChainProxy.java:374)
	at org.springframework.security.web.header.HeaderWriterFilter.doHeadersAfter(HeaderWriterFilter.java:90)
	at org.springframework.security.web.header.HeaderWriterFilter.doFilterInternal(HeaderWriterFilter.java:75)
	at org.springframework.web.filter.OncePerRequestFilter.doFilter(OncePerRequestFilter.java:116)
	at org.springframework.security.web.FilterChainProxy$VirtualFilterChain.doFilter(FilterChainProxy.java:374)
	at org.springframework.security.web.context.SecurityContextHolderFilter.doFilter(SecurityContextHolderFilter.java:82)
	at org.springframework.security.web.context.SecurityContextHolderFilter.doFilter(SecurityContextHolderFilter.java:69)
	at org.springframework.security.web.FilterChainProxy$VirtualFilterChain.doFilter(FilterChainProxy.java:374)
	at org.springframework.security.web.context.request.async.WebAsyncManagerIntegrationFilter.doFilterInternal(WebAsyncManagerIntegrationFilter.java:62)
	at org.springframework.web.filter.OncePerRequestFilter.doFilter(OncePerRequestFilter.java:116)
	at org.springframework.security.web.FilterChainProxy$VirtualFilterChain.doFilter(FilterChainProxy.java:374)
	at org.springframework.security.web.session.DisableEncodeUrlFilter.doFilterInternal(DisableEncodeUrlFilter.java:42)
	at org.springframework.web.filter.OncePerRequestFilter.doFilter(OncePerRequestFilter.java:116)
	at org.springframework.security.web.FilterChainProxy$VirtualFilterChain.doFilter(FilterChainProxy.java:374)
	at org.springframework.security.web.FilterChainProxy.doFilterInternal(FilterChainProxy.java:233)
	at org.springframework.security.web.FilterChainProxy.doFilter(FilterChainProxy.java:191)
	at org.springframework.web.filter.CompositeFilter$VirtualFilterChain.doFilter(CompositeFilter.java:113)
	at org.springframework.web.filter.ServletRequestPathFilter.doFilter(ServletRequestPathFilter.java:52)
	at org.springframework.web.filter.CompositeFilter$VirtualFilterChain.doFilter(CompositeFilter.java:113)
	at org.springframework.web.filter.CompositeFilter.doFilter(CompositeFilter.java:74)
	at org.springframework.security.config.annotation.web.configuration.WebSecurityConfiguration$CompositeFilterChainProxy.doFilter(WebSecurityConfiguration.java:319)
	at org.springframework.web.filter.CompositeFilter$VirtualFilterChain.doFilter(CompositeFilter.java:113)
	at org.springframework.web.servlet.handler.HandlerMappingIntrospector.lambda$createCacheFilter$4(HandlerMappingIntrospector.java:267)
	at org.springframework.web.filter.CompositeFilter$VirtualFilterChain.doFilter(CompositeFilter.java:113)
	at org.springframework.web.filter.CompositeFilter.doFilter(CompositeFilter.java:74)
	at org.springframework.security.config.annotation.web.configuration.WebMvcSecurityConfiguration$CompositeFilterChainProxy.doFilter(WebMvcSecurityConfiguration.java:240)
	at org.springframework.web.filter.DelegatingFilterProxy.invokeDelegate(DelegatingFilterProxy.java:362)
	at org.springframework.web.filter.DelegatingFilterProxy.doFilter(DelegatingFilterProxy.java:278)
	at org.apache.catalina.core.ApplicationFilterChain.internalDoFilter(ApplicationFilterChain.java:162)
	at org.apache.catalina.core.ApplicationFilterChain.doFilter(ApplicationFilterChain.java:138)
	at org.springframework.web.filter.RequestContextFilter.doFilterInternal(RequestContextFilter.java:100)
	at org.springframework.web.filter.OncePerRequestFilter.doFilter(OncePerRequestFilter.java:116)
	at org.apache.catalina.core.ApplicationFilterChain.internalDoFilter(ApplicationFilterChain.java:162)
	at org.apache.catalina.core.ApplicationFilterChain.doFilter(ApplicationFilterChain.java:138)
	at org.springframework.web.filter.FormContentFilter.doFilterInternal(FormContentFilter.java:93)
	at org.springframework.web.filter.OncePerRequestFilter.doFilter(OncePerRequestFilter.java:116)
	at org.apache.catalina.core.ApplicationFilterChain.internalDoFilter(ApplicationFilterChain.java:162)
	at org.apache.catalina.core.ApplicationFilterChain.doFilter(ApplicationFilterChain.java:138)
	at org.springframework.web.filter.CharacterEncodingFilter.doFilterInternal(CharacterEncodingFilter.java:201)
	at org.springframework.web.filter.OncePerRequestFilter.doFilter(OncePerRequestFilter.java:116)
	at org.apache.catalina.core.ApplicationFilterChain.internalDoFilter(ApplicationFilterChain.java:162)
	at org.apache.catalina.core.ApplicationFilterChain.doFilter(ApplicationFilterChain.java:138)
	at org.apache.catalina.core.StandardWrapperValve.invoke(StandardWrapperValve.java:165)
	at org.apache.catalina.core.StandardContextValve.invoke(StandardContextValve.java:88)
	at org.apache.catalina.authenticator.AuthenticatorBase.invoke(AuthenticatorBase.java:482)
	at org.apache.catalina.core.StandardHostValve.invoke(StandardHostValve.java:113)
	at org.apache.catalina.valves.ErrorReportValve.invoke(ErrorReportValve.java:83)
	at org.apache.catalina.core.StandardEngineValve.invoke(StandardEngineValve.java:72)
	at org.apache.catalina.connector.CoyoteAdapter.service(CoyoteAdapter.java:342)
	at org.apache.coyote.http11.Http11Processor.service(Http11Processor.java:399)
	at org.apache.coyote.AbstractProcessorLight.process(AbstractProcessorLight.java:63)
	at org.apache.coyote.AbstractProtocol$ConnectionHandler.process(AbstractProtocol.java:903)
	at org.apache.tomcat.util.net.NioEndpoint$SocketProcessor.doRun(NioEndpoint.java:1774)
	at org.apache.tomcat.util.net.SocketProcessorBase.run(SocketProcessorBase.java:52)
	at org.apache.tomcat.util.threads.ThreadPoolExecutor.runWorker(ThreadPoolExecutor.java:973)
	at org.apache.tomcat.util.threads.ThreadPoolExecutor$Worker.run(ThreadPoolExecutor.java:491)
	at org.apache.tomcat.util.threads.TaskThread$WrappingRunnable.run(TaskThread.java:63)
	at java.base/java.lang.Thread.run(Thread.java:842)
2026-02-08 12:57:25.601 [http-nio-8080-exec-1] DEBUG o.s.security.web.FilterChainProxy - Securing GET /error
2026-02-08 12:57:25.601 [http-nio-8080-exec-2] DEBUG o.s.security.web.FilterChainProxy - Securing GET /error
2026-02-08 12:57:25.602 [http-nio-8080-exec-2] DEBUG o.s.s.w.a.AnonymousAuthenticationFilter - Set SecurityContextHolder to anonymous SecurityContext
2026-02-08 12:57:25.602 [http-nio-8080-exec-1] DEBUG o.s.s.w.a.AnonymousAuthenticationFilter - Set SecurityContextHolder to anonymous SecurityContext
2026-02-08 12:57:25.603 [http-nio-8080-exec-2] ERROR c.c.c.e.GlobalExceptionHandler - 系统服务器异常：Full authentication is required to access this resource
2026-02-08 12:57:25.603 [http-nio-8080-exec-1] ERROR c.c.c.e.GlobalExceptionHandler - 系统服务器异常：Full authentication is required to access this resource
2026-02-08 12:59:55.015 [SpringApplicationShutdownHook] INFO  o.s.b.w.e.tomcat.GracefulShutdown - Commencing graceful shutdown. Waiting for active requests to complete
2026-02-08 12:59:55.300 [tomcat-shutdown] INFO  o.s.b.w.e.tomcat.GracefulShutdown - Graceful shutdown complete
2026-02-08 12:59:55.309 [SpringApplicationShutdownHook] INFO  c.alibaba.druid.pool.DruidDataSource - {dataSource-0} closing ...
2026-02-08 12:59:57.435 [background-preinit] INFO  o.h.validator.internal.util.Version - HV000001: Hibernate Validator 8.0.3.Final
2026-02-08 12:59:57.475 [main] INFO  c.c.c.CodingPlatformApplication - Starting CodingPlatformApplication using Java 17.0.12 with PID 19824 (F:\my-github\coding-platform\coding-platform-web\target\classes started by Caigh in F:\my-github\coding-platform\coding-platform-web)
2026-02-08 12:59:57.477 [main] INFO  c.c.c.CodingPlatformApplication - No active profile set, falling back to 1 default profile: "default"
2026-02-08 12:59:58.109 [main] INFO  o.s.d.r.c.RepositoryConfigurationDelegate - Multiple Spring Data modules found, entering strict repository configuration mode
2026-02-08 12:59:58.111 [main] INFO  o.s.d.r.c.RepositoryConfigurationDelegate - Bootstrapping Spring Data Redis repositories in DEFAULT mode.
2026-02-08 12:59:58.133 [main] INFO  o.s.d.r.c.RepositoryConfigurationDelegate - Finished Spring Data repository scanning in 10 ms. Found 0 Redis repository interfaces.
2026-02-08 12:59:58.239 [main] DEBUG o.m.s.mapper.ClassPathMapperScanner - Identified candidate component class: file [F:\my-github\coding-platform\coding-platform-web\target\classes\cn\caigh\coding_platform\dao\UserDao.class]
2026-02-08 12:59:58.239 [main] DEBUG o.m.s.mapper.ClassPathMapperScanner - Creating MapperFactoryBean with name 'userDao' and 'cn.caigh.coding_platform.dao.UserDao' mapperInterface
2026-02-08 12:59:58.240 [main] DEBUG o.m.s.mapper.ClassPathMapperScanner - Enabling autowire by type for MapperFactoryBean with name 'userDao'.
2026-02-08 12:59:58.869 [main] INFO  o.s.b.w.e.tomcat.TomcatWebServer - Tomcat initialized with port 8080 (http)
2026-02-08 12:59:58.878 [main] INFO  o.a.coyote.http11.Http11NioProtocol - Initializing ProtocolHandler ["http-nio-8080"]
2026-02-08 12:59:58.880 [main] INFO  o.a.catalina.core.StandardService - Starting service [Tomcat]
2026-02-08 12:59:58.881 [main] INFO  o.a.catalina.core.StandardEngine - Starting Servlet engine: [Apache Tomcat/10.1.50]
2026-02-08 12:59:58.932 [main] INFO  o.a.c.c.C.[.[localhost].[/api] - Initializing Spring embedded WebApplicationContext
2026-02-08 12:59:58.933 [main] INFO  o.s.b.w.s.c.ServletWebServerApplicationContext - Root WebApplicationContext: initialization completed in 1416 ms
2026-02-08 12:59:59.888 [main] DEBUG o.m.spring.SqlSessionFactoryBean - Property 'mapperLocations' was not specified.
2026-02-08 13:00:00.361 [main] INFO  o.s.s.c.a.a.c.InitializeUserDetailsBeanManagerConfigurer$InitializeUserDetailsManagerConfigurer - Global AuthenticationManager configured with UserDetailsService bean with name userDetailsServiceImpl
2026-02-08 13:00:00.541 [main] DEBUG o.s.s.web.DefaultSecurityFilterChain - Will secure any request with filters: DisableEncodeUrlFilter, WebAsyncManagerIntegrationFilter, SecurityContextHolderFilter, HeaderWriterFilter, CorsFilter, LogoutFilter, JwtAuthenticationFilter, RequestCacheAwareFilter, SecurityContextHolderAwareRequestFilter, AnonymousAuthenticationFilter, SessionManagementFilter, ExceptionTranslationFilter, AuthorizationFilter
2026-02-08 13:00:01.092 [main] INFO  o.a.coyote.http11.Http11NioProtocol - Starting ProtocolHandler ["http-nio-8080"]
2026-02-08 13:00:01.132 [main] INFO  o.s.b.w.e.tomcat.TomcatWebServer - Tomcat started on port 8080 (http) with context path '/api'
2026-02-08 13:00:01.146 [main] INFO  c.c.c.CodingPlatformApplication - Started CodingPlatformApplication in 3.929 seconds (process running for 4.236)
2026-02-08 13:00:06.120 [http-nio-8080-exec-2] INFO  o.a.c.c.C.[.[localhost].[/api] - Initializing Spring DispatcherServlet 'dispatcherServlet'
2026-02-08 13:00:06.120 [http-nio-8080-exec-2] INFO  o.s.web.servlet.DispatcherServlet - Initializing Servlet 'dispatcherServlet'
2026-02-08 13:00:06.120 [http-nio-8080-exec-2] INFO  o.s.web.servlet.DispatcherServlet - Completed initialization in 0 ms
2026-02-08 13:00:06.140 [http-nio-8080-exec-1] DEBUG o.s.security.web.FilterChainProxy - Securing GET /dss/user/menusdsda.json
2026-02-08 13:00:06.140 [http-nio-8080-exec-2] DEBUG o.s.security.web.FilterChainProxy - Securing GET /dss/user/menusdsda.json
2026-02-08 13:00:06.657 [http-nio-8080-exec-1] DEBUG o.s.security.web.FilterChainProxy - Secured GET /dss/user/menusdsda.json
2026-02-08 13:00:06.657 [http-nio-8080-exec-2] DEBUG o.s.security.web.FilterChainProxy - Secured GET /dss/user/menusdsda.json
2026-02-08 13:00:18.164 [SpringApplicationShutdownHook] INFO  o.s.b.w.e.tomcat.GracefulShutdown - Commencing graceful shutdown. Waiting for active requests to complete
2026-02-08 13:00:18.448 [tomcat-shutdown] INFO  o.s.b.w.e.tomcat.GracefulShutdown - Graceful shutdown complete
2026-02-08 13:00:18.456 [SpringApplicationShutdownHook] INFO  c.alibaba.druid.pool.DruidDataSource - {dataSource-0} closing ...
2026-02-08 13:00:20.653 [background-preinit] INFO  o.h.validator.internal.util.Version - HV000001: Hibernate Validator 8.0.3.Final
2026-02-08 13:00:20.683 [main] INFO  c.c.c.CodingPlatformApplication - Starting CodingPlatformApplication using Java 17.0.12 with PID 20516 (F:\my-github\coding-platform\coding-platform-web\target\classes started by Caigh in F:\my-github\coding-platform\coding-platform-web)
2026-02-08 13:00:20.684 [main] INFO  c.c.c.CodingPlatformApplication - No active profile set, falling back to 1 default profile: "default"
2026-02-08 13:00:21.302 [main] INFO  o.s.d.r.c.RepositoryConfigurationDelegate - Multiple Spring Data modules found, entering strict repository configuration mode
2026-02-08 13:00:21.303 [main] INFO  o.s.d.r.c.RepositoryConfigurationDelegate - Bootstrapping Spring Data Redis repositories in DEFAULT mode.
2026-02-08 13:00:21.328 [main] INFO  o.s.d.r.c.RepositoryConfigurationDelegate - Finished Spring Data repository scanning in 12 ms. Found 0 Redis repository interfaces.
2026-02-08 13:00:21.434 [main] DEBUG o.m.s.mapper.ClassPathMapperScanner - Identified candidate component class: file [F:\my-github\coding-platform\coding-platform-web\target\classes\cn\caigh\coding_platform\dao\UserDao.class]
2026-02-08 13:00:21.437 [main] DEBUG o.m.s.mapper.ClassPathMapperScanner - Creating MapperFactoryBean with name 'userDao' and 'cn.caigh.coding_platform.dao.UserDao' mapperInterface
2026-02-08 13:00:21.440 [main] DEBUG o.m.s.mapper.ClassPathMapperScanner - Enabling autowire by type for MapperFactoryBean with name 'userDao'.
2026-02-08 13:00:22.063 [main] INFO  o.s.b.w.e.tomcat.TomcatWebServer - Tomcat initialized with port 8080 (http)
2026-02-08 13:00:22.072 [main] INFO  o.a.coyote.http11.Http11NioProtocol - Initializing ProtocolHandler ["http-nio-8080"]
2026-02-08 13:00:22.074 [main] INFO  o.a.catalina.core.StandardService - Starting service [Tomcat]
2026-02-08 13:00:22.074 [main] INFO  o.a.catalina.core.StandardEngine - Starting Servlet engine: [Apache Tomcat/10.1.50]
2026-02-08 13:00:22.120 [main] INFO  o.a.c.c.C.[.[localhost].[/api] - Initializing Spring embedded WebApplicationContext
2026-02-08 13:00:22.121 [main] INFO  o.s.b.w.s.c.ServletWebServerApplicationContext - Root WebApplicationContext: initialization completed in 1401 ms
2026-02-08 13:00:23.096 [main] DEBUG o.m.spring.SqlSessionFactoryBean - Property 'mapperLocations' was not specified.
2026-02-08 13:00:23.531 [main] INFO  o.s.s.c.a.a.c.InitializeUserDetailsBeanManagerConfigurer$InitializeUserDetailsManagerConfigurer - Global AuthenticationManager configured with UserDetailsService bean with name userDetailsServiceImpl
2026-02-08 13:00:23.709 [main] DEBUG o.s.s.web.DefaultSecurityFilterChain - Will secure any request with filters: DisableEncodeUrlFilter, WebAsyncManagerIntegrationFilter, SecurityContextHolderFilter, HeaderWriterFilter, CorsFilter, LogoutFilter, JwtAuthenticationFilter, RequestCacheAwareFilter, SecurityContextHolderAwareRequestFilter, AnonymousAuthenticationFilter, SessionManagementFilter, ExceptionTranslationFilter, AuthorizationFilter
2026-02-08 13:00:24.207 [main] INFO  o.a.coyote.http11.Http11NioProtocol - Starting ProtocolHandler ["http-nio-8080"]
2026-02-08 13:00:24.246 [main] INFO  o.s.b.w.e.tomcat.TomcatWebServer - Tomcat started on port 8080 (http) with context path '/api'
2026-02-08 13:00:24.258 [main] INFO  c.c.c.CodingPlatformApplication - Started CodingPlatformApplication in 3.8 seconds (process running for 4.107)
2026-02-08 13:00:29.306 [http-nio-8080-exec-2] INFO  o.a.c.c.C.[.[localhost].[/api] - Initializing Spring DispatcherServlet 'dispatcherServlet'
2026-02-08 13:00:29.307 [http-nio-8080-exec-2] INFO  o.s.web.servlet.DispatcherServlet - Initializing Servlet 'dispatcherServlet'
2026-02-08 13:00:29.307 [http-nio-8080-exec-2] INFO  o.s.web.servlet.DispatcherServlet - Completed initialization in 0 ms
2026-02-08 13:00:29.320 [http-nio-8080-exec-2] DEBUG o.s.security.web.FilterChainProxy - Securing GET /dss/user/menusdsda.json
2026-02-08 13:00:29.320 [http-nio-8080-exec-1] DEBUG o.s.security.web.FilterChainProxy - Securing GET /dss/user/menusdsda.json
2026-02-08 13:00:29.841 [http-nio-8080-exec-2] DEBUG o.s.security.web.FilterChainProxy - Secured GET /dss/user/menusdsda.json
2026-02-08 13:00:29.841 [http-nio-8080-exec-1] DEBUG o.s.security.web.FilterChainProxy - Secured GET /dss/user/menusdsda.json
2026-02-08 13:00:33.655 [http-nio-8080-exec-3] DEBUG o.s.security.web.FilterChainProxy - Securing GET /dss/user/menusdsda.json
2026-02-08 13:00:33.657 [http-nio-8080-exec-4] DEBUG o.s.security.web.FilterChainProxy - Securing GET /dss/user/menusdsda.json
2026-02-08 13:00:33.664 [http-nio-8080-exec-3] DEBUG o.s.security.web.FilterChainProxy - Secured GET /dss/user/menusdsda.json
2026-02-08 13:00:33.664 [http-nio-8080-exec-4] DEBUG o.s.security.web.FilterChainProxy - Secured GET /dss/user/menusdsda.json
2026-02-08 13:01:28.776 [SpringApplicationShutdownHook] INFO  o.s.b.w.e.tomcat.GracefulShutdown - Commencing graceful shutdown. Waiting for active requests to complete
2026-02-08 13:01:29.060 [tomcat-shutdown] INFO  o.s.b.w.e.tomcat.GracefulShutdown - Graceful shutdown complete
2026-02-08 13:01:29.068 [SpringApplicationShutdownHook] INFO  c.alibaba.druid.pool.DruidDataSource - {dataSource-0} closing ...
2026-02-08 13:01:31.273 [background-preinit] INFO  o.h.validator.internal.util.Version - HV000001: Hibernate Validator 8.0.3.Final
2026-02-08 13:01:31.302 [main] INFO  c.c.c.CodingPlatformApplication - Starting CodingPlatformApplication using Java 17.0.12 with PID 26716 (F:\my-github\coding-platform\coding-platform-web\target\classes started by Caigh in F:\my-github\coding-platform\coding-platform-web)
2026-02-08 13:01:31.305 [main] INFO  c.c.c.CodingPlatformApplication - No active profile set, falling back to 1 default profile: "default"
2026-02-08 13:01:31.957 [main] INFO  o.s.d.r.c.RepositoryConfigurationDelegate - Multiple Spring Data modules found, entering strict repository configuration mode
2026-02-08 13:01:31.958 [main] INFO  o.s.d.r.c.RepositoryConfigurationDelegate - Bootstrapping Spring Data Redis repositories in DEFAULT mode.
2026-02-08 13:01:31.983 [main] INFO  o.s.d.r.c.RepositoryConfigurationDelegate - Finished Spring Data repository scanning in 12 ms. Found 0 Redis repository interfaces.
2026-02-08 13:01:32.093 [main] DEBUG o.m.s.mapper.ClassPathMapperScanner - Identified candidate component class: file [F:\my-github\coding-platform\coding-platform-web\target\classes\cn\caigh\coding_platform\dao\UserDao.class]
2026-02-08 13:01:32.095 [main] DEBUG o.m.s.mapper.ClassPathMapperScanner - Creating MapperFactoryBean with name 'userDao' and 'cn.caigh.coding_platform.dao.UserDao' mapperInterface
2026-02-08 13:01:32.098 [main] DEBUG o.m.s.mapper.ClassPathMapperScanner - Enabling autowire by type for MapperFactoryBean with name 'userDao'.
2026-02-08 13:01:32.787 [main] INFO  o.s.b.w.e.tomcat.TomcatWebServer - Tomcat initialized with port 8080 (http)
2026-02-08 13:01:32.807 [main] INFO  o.a.coyote.http11.Http11NioProtocol - Initializing ProtocolHandler ["http-nio-8080"]
2026-02-08 13:01:32.809 [main] INFO  o.a.catalina.core.StandardService - Starting service [Tomcat]
2026-02-08 13:01:32.809 [main] INFO  o.a.catalina.core.StandardEngine - Starting Servlet engine: [Apache Tomcat/10.1.50]
2026-02-08 13:01:32.862 [main] INFO  o.a.c.c.C.[.[localhost].[/api] - Initializing Spring embedded WebApplicationContext
2026-02-08 13:01:32.862 [main] INFO  o.s.b.w.s.c.ServletWebServerApplicationContext - Root WebApplicationContext: initialization completed in 1511 ms
2026-02-08 13:01:33.849 [main] DEBUG o.m.spring.SqlSessionFactoryBean - Property 'mapperLocations' was not specified.
2026-02-08 13:01:34.272 [main] INFO  o.s.s.c.a.a.c.InitializeUserDetailsBeanManagerConfigurer$InitializeUserDetailsManagerConfigurer - Global AuthenticationManager configured with UserDetailsService bean with name userDetailsServiceImpl
2026-02-08 13:01:34.423 [main] DEBUG o.s.s.web.DefaultSecurityFilterChain - Will secure any request with filters: DisableEncodeUrlFilter, WebAsyncManagerIntegrationFilter, SecurityContextHolderFilter, HeaderWriterFilter, CorsFilter, LogoutFilter, JwtAuthenticationFilter, RequestCacheAwareFilter, SecurityContextHolderAwareRequestFilter, AnonymousAuthenticationFilter, SessionManagementFilter, ExceptionTranslationFilter, AuthorizationFilter
2026-02-08 13:01:34.919 [main] INFO  o.a.coyote.http11.Http11NioProtocol - Starting ProtocolHandler ["http-nio-8080"]
2026-02-08 13:01:34.956 [main] INFO  o.s.b.w.e.tomcat.TomcatWebServer - Tomcat started on port 8080 (http) with context path '/api'
2026-02-08 13:01:34.972 [main] INFO  c.c.c.CodingPlatformApplication - Started CodingPlatformApplication in 3.935 seconds (process running for 4.244)
2026-02-08 13:01:38.425 [http-nio-8080-exec-1] INFO  o.a.c.c.C.[.[localhost].[/api] - Initializing Spring DispatcherServlet 'dispatcherServlet'
2026-02-08 13:01:38.425 [http-nio-8080-exec-1] INFO  o.s.web.servlet.DispatcherServlet - Initializing Servlet 'dispatcherServlet'
2026-02-08 13:01:38.426 [http-nio-8080-exec-1] INFO  o.s.web.servlet.DispatcherServlet - Completed initialization in 1 ms
2026-02-08 13:01:38.440 [http-nio-8080-exec-2] DEBUG o.s.security.web.FilterChainProxy - Securing GET /dss/user/menusdsda.json
2026-02-08 13:01:38.440 [http-nio-8080-exec-1] DEBUG o.s.security.web.FilterChainProxy - Securing GET /dss/user/menusdsda.json
2026-02-08 13:01:38.842 [http-nio-8080-exec-2] DEBUG o.s.security.web.FilterChainProxy - Secured GET /dss/user/menusdsda.json
2026-02-08 13:01:38.842 [http-nio-8080-exec-1] DEBUG o.s.security.web.FilterChainProxy - Secured GET /dss/user/menusdsda.json
2026-02-08 13:14:03.026 [SpringApplicationShutdownHook] INFO  o.s.b.w.e.tomcat.GracefulShutdown - Commencing graceful shutdown. Waiting for active requests to complete
2026-02-08 13:14:03.294 [tomcat-shutdown] INFO  o.s.b.w.e.tomcat.GracefulShutdown - Graceful shutdown complete
2026-02-08 13:14:03.302 [SpringApplicationShutdownHook] INFO  c.alibaba.druid.pool.DruidDataSource - {dataSource-0} closing ...
2026-02-08 13:14:05.469 [background-preinit] INFO  o.h.validator.internal.util.Version - HV000001: Hibernate Validator 8.0.3.Final
2026-02-08 13:14:05.504 [main] INFO  c.c.c.CodingPlatformApplication - Starting CodingPlatformApplication using Java 17.0.12 with PID 26296 (F:\my-github\coding-platform\coding-platform-web\target\classes started by Caigh in F:\my-github\coding-platform\coding-platform-web)
2026-02-08 13:14:05.505 [main] INFO  c.c.c.CodingPlatformApplication - No active profile set, falling back to 1 default profile: "default"
2026-02-08 13:14:06.140 [main] INFO  o.s.d.r.c.RepositoryConfigurationDelegate - Multiple Spring Data modules found, entering strict repository configuration mode
2026-02-08 13:14:06.141 [main] INFO  o.s.d.r.c.RepositoryConfigurationDelegate - Bootstrapping Spring Data Redis repositories in DEFAULT mode.
2026-02-08 13:14:06.164 [main] INFO  o.s.d.r.c.RepositoryConfigurationDelegate - Finished Spring Data repository scanning in 10 ms. Found 0 Redis repository interfaces.
2026-02-08 13:14:06.269 [main] DEBUG o.m.s.mapper.ClassPathMapperScanner - Identified candidate component class: file [F:\my-github\coding-platform\coding-platform-web\target\classes\cn\caigh\coding_platform\dao\UserDao.class]
2026-02-08 13:14:06.270 [main] DEBUG o.m.s.mapper.ClassPathMapperScanner - Creating MapperFactoryBean with name 'userDao' and 'cn.caigh.coding_platform.dao.UserDao' mapperInterface
2026-02-08 13:14:06.272 [main] DEBUG o.m.s.mapper.ClassPathMapperScanner - Enabling autowire by type for MapperFactoryBean with name 'userDao'.
2026-02-08 13:14:06.907 [main] INFO  o.s.b.w.e.tomcat.TomcatWebServer - Tomcat initialized with port 8080 (http)
2026-02-08 13:14:06.924 [main] INFO  o.a.coyote.http11.Http11NioProtocol - Initializing ProtocolHandler ["http-nio-8080"]
2026-02-08 13:14:06.928 [main] INFO  o.a.catalina.core.StandardService - Starting service [Tomcat]
2026-02-08 13:14:06.928 [main] INFO  o.a.catalina.core.StandardEngine - Starting Servlet engine: [Apache Tomcat/10.1.50]
2026-02-08 13:14:07.002 [main] INFO  o.a.c.c.C.[.[localhost].[/api] - Initializing Spring embedded WebApplicationContext
2026-02-08 13:14:07.002 [main] INFO  o.s.b.w.s.c.ServletWebServerApplicationContext - Root WebApplicationContext: initialization completed in 1459 ms
2026-02-08 13:14:07.978 [main] DEBUG o.m.spring.SqlSessionFactoryBean - Property 'mapperLocations' was not specified.
2026-02-08 13:14:08.401 [main] INFO  o.s.s.c.a.a.c.InitializeUserDetailsBeanManagerConfigurer$InitializeUserDetailsManagerConfigurer - Global AuthenticationManager configured with UserDetailsService bean with name userDetailsServiceImpl
2026-02-08 13:14:08.555 [main] DEBUG o.s.s.web.DefaultSecurityFilterChain - Will secure any request with filters: DisableEncodeUrlFilter, WebAsyncManagerIntegrationFilter, SecurityContextHolderFilter, HeaderWriterFilter, CorsFilter, LogoutFilter, JwtAuthenticationFilter, RequestCacheAwareFilter, SecurityContextHolderAwareRequestFilter, AnonymousAuthenticationFilter, SessionManagementFilter, ExceptionTranslationFilter, AuthorizationFilter
2026-02-08 13:14:09.028 [main] INFO  o.a.coyote.http11.Http11NioProtocol - Starting ProtocolHandler ["http-nio-8080"]
2026-02-08 13:14:09.056 [main] INFO  o.s.b.w.e.tomcat.TomcatWebServer - Tomcat started on port 8080 (http) with context path '/api'
2026-02-08 13:14:09.068 [main] INFO  c.c.c.CodingPlatformApplication - Started CodingPlatformApplication in 3.804 seconds (process running for 4.102)
2026-02-08 13:14:20.391 [SpringApplicationShutdownHook] INFO  o.s.b.w.e.tomcat.GracefulShutdown - Commencing graceful shutdown. Waiting for active requests to complete
2026-02-08 13:14:20.660 [tomcat-shutdown] INFO  o.s.b.w.e.tomcat.GracefulShutdown - Graceful shutdown complete
2026-02-08 13:14:20.665 [SpringApplicationShutdownHook] INFO  c.alibaba.druid.pool.DruidDataSource - {dataSource-0} closing ...
2026-02-08 13:14:22.827 [background-preinit] INFO  o.h.validator.internal.util.Version - HV000001: Hibernate Validator 8.0.3.Final
2026-02-08 13:14:22.862 [main] INFO  c.c.c.CodingPlatformApplication - Starting CodingPlatformApplication using Java 17.0.12 with PID 21708 (F:\my-github\coding-platform\coding-platform-web\target\classes started by Caigh in F:\my-github\coding-platform\coding-platform-web)
2026-02-08 13:14:22.863 [main] INFO  c.c.c.CodingPlatformApplication - No active profile set, falling back to 1 default profile: "default"
2026-02-08 13:14:23.445 [main] INFO  o.s.d.r.c.RepositoryConfigurationDelegate - Multiple Spring Data modules found, entering strict repository configuration mode
2026-02-08 13:14:23.446 [main] INFO  o.s.d.r.c.RepositoryConfigurationDelegate - Bootstrapping Spring Data Redis repositories in DEFAULT mode.
2026-02-08 13:14:23.474 [main] INFO  o.s.d.r.c.RepositoryConfigurationDelegate - Finished Spring Data repository scanning in 11 ms. Found 0 Redis repository interfaces.
2026-02-08 13:14:23.582 [main] DEBUG o.m.s.mapper.ClassPathMapperScanner - Identified candidate component class: file [F:\my-github\coding-platform\coding-platform-web\target\classes\cn\caigh\coding_platform\dao\UserDao.class]
2026-02-08 13:14:23.584 [main] DEBUG o.m.s.mapper.ClassPathMapperScanner - Creating MapperFactoryBean with name 'userDao' and 'cn.caigh.coding_platform.dao.UserDao' mapperInterface
2026-02-08 13:14:23.586 [main] DEBUG o.m.s.mapper.ClassPathMapperScanner - Enabling autowire by type for MapperFactoryBean with name 'userDao'.
2026-02-08 13:14:24.216 [main] INFO  o.s.b.w.e.tomcat.TomcatWebServer - Tomcat initialized with port 8080 (http)
2026-02-08 13:14:24.226 [main] INFO  o.a.coyote.http11.Http11NioProtocol - Initializing ProtocolHandler ["http-nio-8080"]
2026-02-08 13:14:24.228 [main] INFO  o.a.catalina.core.StandardService - Starting service [Tomcat]
2026-02-08 13:14:24.229 [main] INFO  o.a.catalina.core.StandardEngine - Starting Servlet engine: [Apache Tomcat/10.1.50]
2026-02-08 13:14:24.286 [main] INFO  o.a.c.c.C.[.[localhost].[/api] - Initializing Spring embedded WebApplicationContext
2026-02-08 13:14:24.287 [main] INFO  o.s.b.w.s.c.ServletWebServerApplicationContext - Root WebApplicationContext: initialization completed in 1391 ms
2026-02-08 13:14:25.226 [main] DEBUG o.m.spring.SqlSessionFactoryBean - Property 'mapperLocations' was not specified.
2026-02-08 13:14:25.646 [main] INFO  o.s.s.c.a.a.c.InitializeUserDetailsBeanManagerConfigurer$InitializeUserDetailsManagerConfigurer - Global AuthenticationManager configured with UserDetailsService bean with name userDetailsServiceImpl
2026-02-08 13:14:25.788 [main] DEBUG o.s.s.web.DefaultSecurityFilterChain - Will secure any request with filters: DisableEncodeUrlFilter, WebAsyncManagerIntegrationFilter, SecurityContextHolderFilter, HeaderWriterFilter, CorsFilter, LogoutFilter, JwtAuthenticationFilter, RequestCacheAwareFilter, SecurityContextHolderAwareRequestFilter, AnonymousAuthenticationFilter, SessionManagementFilter, ExceptionTranslationFilter, AuthorizationFilter
2026-02-08 13:14:26.268 [main] INFO  o.a.coyote.http11.Http11NioProtocol - Starting ProtocolHandler ["http-nio-8080"]
2026-02-08 13:14:26.305 [main] INFO  o.s.b.w.e.tomcat.TomcatWebServer - Tomcat started on port 8080 (http) with context path '/api'
2026-02-08 13:14:26.318 [main] INFO  c.c.c.CodingPlatformApplication - Started CodingPlatformApplication in 3.687 seconds (process running for 3.993)
2026-02-08 13:14:29.704 [http-nio-8080-exec-1] INFO  o.a.c.c.C.[.[localhost].[/api] - Initializing Spring DispatcherServlet 'dispatcherServlet'
2026-02-08 13:14:29.704 [http-nio-8080-exec-1] INFO  o.s.web.servlet.DispatcherServlet - Initializing Servlet 'dispatcherServlet'
2026-02-08 13:14:29.706 [http-nio-8080-exec-1] INFO  o.s.web.servlet.DispatcherServlet - Completed initialization in 1 ms
2026-02-08 13:14:29.722 [http-nio-8080-exec-2] DEBUG o.s.security.web.FilterChainProxy - Securing GET /dss/user/menusdsda.json
2026-02-08 13:14:29.722 [http-nio-8080-exec-1] DEBUG o.s.security.web.FilterChainProxy - Securing GET /dss/user/menusdsda.json
2026-02-08 13:14:30.200 [http-nio-8080-exec-2] DEBUG o.s.security.web.FilterChainProxy - Secured GET /dss/user/menusdsda.json
2026-02-08 13:14:30.200 [http-nio-8080-exec-1] DEBUG o.s.security.web.FilterChainProxy - Secured GET /dss/user/menusdsda.json
2026-02-08 13:14:52.893 [http-nio-8080-exec-3] DEBUG o.s.security.web.FilterChainProxy - Securing GET /dss/user/menusdsda.json
2026-02-08 13:14:52.894 [http-nio-8080-exec-4] DEBUG o.s.security.web.FilterChainProxy - Securing GET /dss/user/menusdsda.json
2026-02-08 13:14:52.899 [http-nio-8080-exec-4] DEBUG o.s.security.web.FilterChainProxy - Secured GET /dss/user/menusdsda.json
2026-02-08 13:14:52.900 [http-nio-8080-exec-3] DEBUG o.s.security.web.FilterChainProxy - Secured GET /dss/user/menusdsda.json
2026-02-08 13:14:54.831 [SpringApplicationShutdownHook] INFO  o.s.b.w.e.tomcat.GracefulShutdown - Commencing graceful shutdown. Waiting for active requests to complete
2026-02-08 13:14:55.121 [tomcat-shutdown] INFO  o.s.b.w.e.tomcat.GracefulShutdown - Graceful shutdown complete
2026-02-08 13:14:55.130 [SpringApplicationShutdownHook] INFO  c.alibaba.druid.pool.DruidDataSource - {dataSource-0} closing ...
2026-02-08 13:14:57.366 [background-preinit] INFO  o.h.validator.internal.util.Version - HV000001: Hibernate Validator 8.0.3.Final
2026-02-08 13:14:57.398 [main] INFO  c.c.c.CodingPlatformApplication - Starting CodingPlatformApplication using Java 17.0.12 with PID 4268 (F:\my-github\coding-platform\coding-platform-web\target\classes started by Caigh in F:\my-github\coding-platform\coding-platform-web)
2026-02-08 13:14:57.399 [main] INFO  c.c.c.CodingPlatformApplication - No active profile set, falling back to 1 default profile: "default"
2026-02-08 13:14:57.993 [main] INFO  o.s.d.r.c.RepositoryConfigurationDelegate - Multiple Spring Data modules found, entering strict repository configuration mode
2026-02-08 13:14:57.994 [main] INFO  o.s.d.r.c.RepositoryConfigurationDelegate - Bootstrapping Spring Data Redis repositories in DEFAULT mode.
2026-02-08 13:14:58.019 [main] INFO  o.s.d.r.c.RepositoryConfigurationDelegate - Finished Spring Data repository scanning in 12 ms. Found 0 Redis repository interfaces.
2026-02-08 13:14:58.121 [main] DEBUG o.m.s.mapper.ClassPathMapperScanner - Identified candidate component class: file [F:\my-github\coding-platform\coding-platform-web\target\classes\cn\caigh\coding_platform\dao\UserDao.class]
2026-02-08 13:14:58.123 [main] DEBUG o.m.s.mapper.ClassPathMapperScanner - Creating MapperFactoryBean with name 'userDao' and 'cn.caigh.coding_platform.dao.UserDao' mapperInterface
2026-02-08 13:14:58.125 [main] DEBUG o.m.s.mapper.ClassPathMapperScanner - Enabling autowire by type for MapperFactoryBean with name 'userDao'.
2026-02-08 13:14:58.760 [main] INFO  o.s.b.w.e.tomcat.TomcatWebServer - Tomcat initialized with port 8080 (http)
2026-02-08 13:14:58.769 [main] INFO  o.a.coyote.http11.Http11NioProtocol - Initializing ProtocolHandler ["http-nio-8080"]
2026-02-08 13:14:58.770 [main] INFO  o.a.catalina.core.StandardService - Starting service [Tomcat]
2026-02-08 13:14:58.771 [main] INFO  o.a.catalina.core.StandardEngine - Starting Servlet engine: [Apache Tomcat/10.1.50]
2026-02-08 13:14:58.822 [main] INFO  o.a.c.c.C.[.[localhost].[/api] - Initializing Spring embedded WebApplicationContext
2026-02-08 13:14:58.823 [main] INFO  o.s.b.w.s.c.ServletWebServerApplicationContext - Root WebApplicationContext: initialization completed in 1387 ms
2026-02-08 13:14:59.792 [main] DEBUG o.m.spring.SqlSessionFactoryBean - Property 'mapperLocations' was not specified.
2026-02-08 13:15:00.236 [main] INFO  o.s.s.c.a.a.c.InitializeUserDetailsBeanManagerConfigurer$InitializeUserDetailsManagerConfigurer - Global AuthenticationManager configured with UserDetailsService bean with name userDetailsServiceImpl
2026-02-08 13:15:00.409 [main] DEBUG o.s.s.web.DefaultSecurityFilterChain - Will secure any request with filters: DisableEncodeUrlFilter, WebAsyncManagerIntegrationFilter, SecurityContextHolderFilter, HeaderWriterFilter, CorsFilter, LogoutFilter, JwtAuthenticationFilter, RequestCacheAwareFilter, SecurityContextHolderAwareRequestFilter, AnonymousAuthenticationFilter, SessionManagementFilter, ExceptionTranslationFilter, AuthorizationFilter
2026-02-08 13:15:00.889 [main] INFO  o.a.coyote.http11.Http11NioProtocol - Starting ProtocolHandler ["http-nio-8080"]
2026-02-08 13:15:00.936 [main] INFO  o.s.b.w.e.tomcat.TomcatWebServer - Tomcat started on port 8080 (http) with context path '/api'
2026-02-08 13:15:00.951 [main] INFO  c.c.c.CodingPlatformApplication - Started CodingPlatformApplication in 3.792 seconds (process running for 4.096)
2026-02-08 13:15:02.600 [http-nio-8080-exec-1] INFO  o.a.c.c.C.[.[localhost].[/api] - Initializing Spring DispatcherServlet 'dispatcherServlet'
2026-02-08 13:15:02.600 [http-nio-8080-exec-1] INFO  o.s.web.servlet.DispatcherServlet - Initializing Servlet 'dispatcherServlet'
2026-02-08 13:15:02.601 [http-nio-8080-exec-1] INFO  o.s.web.servlet.DispatcherServlet - Completed initialization in 1 ms
2026-02-08 13:15:02.615 [http-nio-8080-exec-1] DEBUG o.s.security.web.FilterChainProxy - Securing GET /dss/user/menusdsda.json
2026-02-08 13:15:02.615 [http-nio-8080-exec-2] DEBUG o.s.security.web.FilterChainProxy - Securing GET /dss/user/menusdsda.json
2026-02-08 13:15:03.132 [http-nio-8080-exec-1] DEBUG o.s.security.web.FilterChainProxy - Secured GET /dss/user/menusdsda.json
2026-02-08 13:15:03.132 [http-nio-8080-exec-2] DEBUG o.s.security.web.FilterChainProxy - Secured GET /dss/user/menusdsda.json
2026-02-08 13:15:03.149 [http-nio-8080-exec-1] DEBUG o.s.security.web.FilterChainProxy - Securing GET /error
2026-02-08 13:15:03.149 [http-nio-8080-exec-2] DEBUG o.s.security.web.FilterChainProxy - Securing GET /error
2026-02-08 13:15:03.150 [http-nio-8080-exec-2] DEBUG o.s.s.w.a.AnonymousAuthenticationFilter - Set SecurityContextHolder to anonymous SecurityContext
2026-02-08 13:15:03.150 [http-nio-8080-exec-1] DEBUG o.s.s.w.a.AnonymousAuthenticationFilter - Set SecurityContextHolder to anonymous SecurityContext
2026-02-08 13:15:12.357 [SpringApplicationShutdownHook] INFO  o.s.b.w.e.tomcat.GracefulShutdown - Commencing graceful shutdown. Waiting for active requests to complete
2026-02-08 13:15:12.643 [tomcat-shutdown] INFO  o.s.b.w.e.tomcat.GracefulShutdown - Graceful shutdown complete
2026-02-08 13:15:12.652 [SpringApplicationShutdownHook] INFO  c.alibaba.druid.pool.DruidDataSource - {dataSource-0} closing ...
2026-02-08 13:15:14.955 [background-preinit] INFO  o.h.validator.internal.util.Version - HV000001: Hibernate Validator 8.0.3.Final
2026-02-08 13:15:14.986 [main] INFO  c.c.c.CodingPlatformApplication - Starting CodingPlatformApplication using Java 17.0.12 with PID 24056 (F:\my-github\coding-platform\coding-platform-web\target\classes started by Caigh in F:\my-github\coding-platform\coding-platform-web)
2026-02-08 13:15:14.987 [main] INFO  c.c.c.CodingPlatformApplication - No active profile set, falling back to 1 default profile: "default"
2026-02-08 13:15:15.590 [main] INFO  o.s.d.r.c.RepositoryConfigurationDelegate - Multiple Spring Data modules found, entering strict repository configuration mode
2026-02-08 13:15:15.591 [main] INFO  o.s.d.r.c.RepositoryConfigurationDelegate - Bootstrapping Spring Data Redis repositories in DEFAULT mode.
2026-02-08 13:15:15.616 [main] INFO  o.s.d.r.c.RepositoryConfigurationDelegate - Finished Spring Data repository scanning in 12 ms. Found 0 Redis repository interfaces.
2026-02-08 13:15:15.719 [main] DEBUG o.m.s.mapper.ClassPathMapperScanner - Identified candidate component class: file [F:\my-github\coding-platform\coding-platform-web\target\classes\cn\caigh\coding_platform\dao\UserDao.class]
2026-02-08 13:15:15.720 [main] DEBUG o.m.s.mapper.ClassPathMapperScanner - Creating MapperFactoryBean with name 'userDao' and 'cn.caigh.coding_platform.dao.UserDao' mapperInterface
2026-02-08 13:15:15.722 [main] DEBUG o.m.s.mapper.ClassPathMapperScanner - Enabling autowire by type for MapperFactoryBean with name 'userDao'.
2026-02-08 13:15:16.383 [main] INFO  o.s.b.w.e.tomcat.TomcatWebServer - Tomcat initialized with port 8080 (http)
2026-02-08 13:15:16.400 [main] INFO  o.a.coyote.http11.Http11NioProtocol - Initializing ProtocolHandler ["http-nio-8080"]
2026-02-08 13:15:16.402 [main] INFO  o.a.catalina.core.StandardService - Starting service [Tomcat]
2026-02-08 13:15:16.403 [main] INFO  o.a.catalina.core.StandardEngine - Starting Servlet engine: [Apache Tomcat/10.1.50]
2026-02-08 13:15:16.468 [main] INFO  o.a.c.c.C.[.[localhost].[/api] - Initializing Spring embedded WebApplicationContext
2026-02-08 13:15:16.469 [main] INFO  o.s.b.w.s.c.ServletWebServerApplicationContext - Root WebApplicationContext: initialization completed in 1447 ms
2026-02-08 13:15:17.439 [main] DEBUG o.m.spring.SqlSessionFactoryBean - Property 'mapperLocations' was not specified.
2026-02-08 13:15:17.886 [main] INFO  o.s.s.c.a.a.c.InitializeUserDetailsBeanManagerConfigurer$InitializeUserDetailsManagerConfigurer - Global AuthenticationManager configured with UserDetailsService bean with name userDetailsServiceImpl
2026-02-08 13:15:18.042 [main] DEBUG o.s.s.web.DefaultSecurityFilterChain - Will secure any request with filters: DisableEncodeUrlFilter, WebAsyncManagerIntegrationFilter, SecurityContextHolderFilter, HeaderWriterFilter, CorsFilter, LogoutFilter, JwtAuthenticationFilter, RequestCacheAwareFilter, SecurityContextHolderAwareRequestFilter, AnonymousAuthenticationFilter, SessionManagementFilter, ExceptionTranslationFilter, AuthorizationFilter
2026-02-08 13:15:18.531 [main] INFO  o.a.coyote.http11.Http11NioProtocol - Starting ProtocolHandler ["http-nio-8080"]
2026-02-08 13:15:18.568 [main] INFO  o.s.b.w.e.tomcat.TomcatWebServer - Tomcat started on port 8080 (http) with context path '/api'
2026-02-08 13:15:18.581 [main] INFO  c.c.c.CodingPlatformApplication - Started CodingPlatformApplication in 3.843 seconds (process running for 4.15)
2026-02-08 13:15:21.828 [http-nio-8080-exec-1] INFO  o.a.c.c.C.[.[localhost].[/api] - Initializing Spring DispatcherServlet 'dispatcherServlet'
2026-02-08 13:15:21.828 [http-nio-8080-exec-1] INFO  o.s.web.servlet.DispatcherServlet - Initializing Servlet 'dispatcherServlet'
2026-02-08 13:15:21.829 [http-nio-8080-exec-1] INFO  o.s.web.servlet.DispatcherServlet - Completed initialization in 1 ms
2026-02-08 13:15:21.840 [http-nio-8080-exec-2] DEBUG o.s.security.web.FilterChainProxy - Securing GET /dss/user/menusdsda.json
2026-02-08 13:15:21.840 [http-nio-8080-exec-1] DEBUG o.s.security.web.FilterChainProxy - Securing GET /dss/user/menusdsda.json
2026-02-08 13:15:22.296 [http-nio-8080-exec-2] DEBUG o.s.security.web.FilterChainProxy - Secured GET /dss/user/menusdsda.json
2026-02-08 13:15:22.296 [http-nio-8080-exec-1] DEBUG o.s.security.web.FilterChainProxy - Secured GET /dss/user/menusdsda.json
2026-02-08 13:15:22.310 [http-nio-8080-exec-2] DEBUG o.s.security.web.FilterChainProxy - Securing GET /error
2026-02-08 13:15:22.310 [http-nio-8080-exec-1] DEBUG o.s.security.web.FilterChainProxy - Securing GET /error
2026-02-08 13:15:22.311 [http-nio-8080-exec-1] DEBUG o.s.s.w.a.AnonymousAuthenticationFilter - Set SecurityContextHolder to anonymous SecurityContext
2026-02-08 13:15:22.311 [http-nio-8080-exec-2] DEBUG o.s.s.w.a.AnonymousAuthenticationFilter - Set SecurityContextHolder to anonymous SecurityContext
2026-02-08 13:15:22.314 [http-nio-8080-exec-2] ERROR c.c.c.e.GlobalExceptionHandler - 系统服务器异常：Full authentication is required to access this resource
2026-02-08 13:15:22.314 [http-nio-8080-exec-1] ERROR c.c.c.e.GlobalExceptionHandler - 系统服务器异常：Full authentication is required to access this resource
2026-02-08 13:16:15.107 [SpringApplicationShutdownHook] INFO  o.s.b.w.e.tomcat.GracefulShutdown - Commencing graceful shutdown. Waiting for active requests to complete
2026-02-08 13:16:15.375 [tomcat-shutdown] INFO  o.s.b.w.e.tomcat.GracefulShutdown - Graceful shutdown complete
2026-02-08 13:16:15.385 [SpringApplicationShutdownHook] INFO  c.alibaba.druid.pool.DruidDataSource - {dataSource-0} closing ...
2026-02-08 13:16:17.717 [background-preinit] INFO  o.h.validator.internal.util.Version - HV000001: Hibernate Validator 8.0.3.Final
2026-02-08 13:16:17.760 [main] INFO  c.c.c.CodingPlatformApplication - Starting CodingPlatformApplication using Java 17.0.12 with PID 21112 (F:\my-github\coding-platform\coding-platform-web\target\classes started by Caigh in F:\my-github\coding-platform\coding-platform-web)
2026-02-08 13:16:17.761 [main] INFO  c.c.c.CodingPlatformApplication - No active profile set, falling back to 1 default profile: "default"
2026-02-08 13:16:18.354 [main] INFO  o.s.d.r.c.RepositoryConfigurationDelegate - Multiple Spring Data modules found, entering strict repository configuration mode
2026-02-08 13:16:18.356 [main] INFO  o.s.d.r.c.RepositoryConfigurationDelegate - Bootstrapping Spring Data Redis repositories in DEFAULT mode.
2026-02-08 13:16:18.383 [main] INFO  o.s.d.r.c.RepositoryConfigurationDelegate - Finished Spring Data repository scanning in 12 ms. Found 0 Redis repository interfaces.
2026-02-08 13:16:18.494 [main] DEBUG o.m.s.mapper.ClassPathMapperScanner - Identified candidate component class: file [F:\my-github\coding-platform\coding-platform-web\target\classes\cn\caigh\coding_platform\dao\UserDao.class]
2026-02-08 13:16:18.495 [main] DEBUG o.m.s.mapper.ClassPathMapperScanner - Creating MapperFactoryBean with name 'userDao' and 'cn.caigh.coding_platform.dao.UserDao' mapperInterface
2026-02-08 13:16:18.496 [main] DEBUG o.m.s.mapper.ClassPathMapperScanner - Enabling autowire by type for MapperFactoryBean with name 'userDao'.
2026-02-08 13:16:19.143 [main] INFO  o.s.b.w.e.tomcat.TomcatWebServer - Tomcat initialized with port 8080 (http)
2026-02-08 13:16:19.151 [main] INFO  o.a.coyote.http11.Http11NioProtocol - Initializing ProtocolHandler ["http-nio-8080"]
2026-02-08 13:16:19.153 [main] INFO  o.a.catalina.core.StandardService - Starting service [Tomcat]
2026-02-08 13:16:19.153 [main] INFO  o.a.catalina.core.StandardEngine - Starting Servlet engine: [Apache Tomcat/10.1.50]
2026-02-08 13:16:19.210 [main] INFO  o.a.c.c.C.[.[localhost].[/api] - Initializing Spring embedded WebApplicationContext
2026-02-08 13:16:19.211 [main] INFO  o.s.b.w.s.c.ServletWebServerApplicationContext - Root WebApplicationContext: initialization completed in 1404 ms
2026-02-08 13:16:20.218 [main] DEBUG o.m.spring.SqlSessionFactoryBean - Property 'mapperLocations' was not specified.
2026-02-08 13:16:20.673 [main] INFO  o.s.s.c.a.a.c.InitializeUserDetailsBeanManagerConfigurer$InitializeUserDetailsManagerConfigurer - Global AuthenticationManager configured with UserDetailsService bean with name userDetailsServiceImpl
2026-02-08 13:16:20.854 [main] DEBUG o.s.s.web.DefaultSecurityFilterChain - Will secure any request with filters: DisableEncodeUrlFilter, WebAsyncManagerIntegrationFilter, SecurityContextHolderFilter, HeaderWriterFilter, CorsFilter, LogoutFilter, JwtAuthenticationFilter, RequestCacheAwareFilter, SecurityContextHolderAwareRequestFilter, AnonymousAuthenticationFilter, SessionManagementFilter, ExceptionTranslationFilter, AuthorizationFilter
2026-02-08 13:16:21.330 [main] INFO  o.a.coyote.http11.Http11NioProtocol - Starting ProtocolHandler ["http-nio-8080"]
2026-02-08 13:16:21.366 [main] INFO  o.s.b.w.e.tomcat.TomcatWebServer - Tomcat started on port 8080 (http) with context path '/api'
2026-02-08 13:16:21.380 [main] INFO  c.c.c.CodingPlatformApplication - Started CodingPlatformApplication in 3.893 seconds (process running for 4.198)
2026-02-08 13:16:22.183 [http-nio-8080-exec-1] INFO  o.a.c.c.C.[.[localhost].[/api] - Initializing Spring DispatcherServlet 'dispatcherServlet'
2026-02-08 13:16:22.183 [http-nio-8080-exec-1] INFO  o.s.web.servlet.DispatcherServlet - Initializing Servlet 'dispatcherServlet'
2026-02-08 13:16:22.183 [http-nio-8080-exec-1] INFO  o.s.web.servlet.DispatcherServlet - Completed initialization in 0 ms
2026-02-08 13:16:22.198 [http-nio-8080-exec-2] DEBUG o.s.security.web.FilterChainProxy - Securing GET /dss/user/menusdsda.json
2026-02-08 13:16:22.198 [http-nio-8080-exec-1] DEBUG o.s.security.web.FilterChainProxy - Securing GET /dss/user/menusdsda.json
2026-02-08 13:16:22.728 [http-nio-8080-exec-2] DEBUG o.s.security.web.FilterChainProxy - Secured GET /dss/user/menusdsda.json
2026-02-08 13:16:22.728 [http-nio-8080-exec-1] DEBUG o.s.security.web.FilterChainProxy - Secured GET /dss/user/menusdsda.json
2026-02-08 13:16:22.740 [http-nio-8080-exec-1] ERROR c.c.c.e.GlobalExceptionHandler - 系统服务器异常：No static resource dss/user/menusdsda.json.
2026-02-08 13:16:22.740 [http-nio-8080-exec-2] ERROR c.c.c.e.GlobalExceptionHandler - 系统服务器异常：No static resource dss/user/menusdsda.json.
2026-02-08 13:26:54.988 [http-nio-8080-exec-3] DEBUG o.s.security.web.FilterChainProxy - Securing GET /dss/user/menusdsda.json
2026-02-08 13:26:54.989 [http-nio-8080-exec-4] DEBUG o.s.security.web.FilterChainProxy - Securing GET /dss/user/menusdsda.json
2026-02-08 13:26:54.995 [http-nio-8080-exec-4] DEBUG o.s.security.web.FilterChainProxy - Secured GET /dss/user/menusdsda.json
2026-02-08 13:26:54.995 [http-nio-8080-exec-3] DEBUG o.s.security.web.FilterChainProxy - Secured GET /dss/user/menusdsda.json
2026-02-08 13:26:54.998 [http-nio-8080-exec-3] ERROR c.c.c.e.GlobalExceptionHandler - 系统服务器异常：No static resource dss/user/menusdsda.json.
2026-02-08 13:26:54.998 [http-nio-8080-exec-4] ERROR c.c.c.e.GlobalExceptionHandler - 系统服务器异常：No static resource dss/user/menusdsda.json.
2026-02-08 13:26:58.795 [SpringApplicationShutdownHook] INFO  o.s.b.w.e.tomcat.GracefulShutdown - Commencing graceful shutdown. Waiting for active requests to complete
2026-02-08 13:26:59.078 [tomcat-shutdown] INFO  o.s.b.w.e.tomcat.GracefulShutdown - Graceful shutdown complete
2026-02-08 13:26:59.086 [SpringApplicationShutdownHook] INFO  c.alibaba.druid.pool.DruidDataSource - {dataSource-0} closing ...
2026-02-08 13:27:01.462 [background-preinit] INFO  o.h.validator.internal.util.Version - HV000001: Hibernate Validator 8.0.3.Final
2026-02-08 13:27:01.492 [main] INFO  c.c.c.CodingPlatformApplication - Starting CodingPlatformApplication using Java 17.0.12 with PID 26636 (F:\my-github\coding-platform\coding-platform-web\target\classes started by Caigh in F:\my-github\coding-platform\coding-platform-web)
2026-02-08 13:27:01.493 [main] INFO  c.c.c.CodingPlatformApplication - No active profile set, falling back to 1 default profile: "default"
2026-02-08 13:27:02.081 [main] INFO  o.s.d.r.c.RepositoryConfigurationDelegate - Multiple Spring Data modules found, entering strict repository configuration mode
2026-02-08 13:27:02.082 [main] INFO  o.s.d.r.c.RepositoryConfigurationDelegate - Bootstrapping Spring Data Redis repositories in DEFAULT mode.
2026-02-08 13:27:02.111 [main] INFO  o.s.d.r.c.RepositoryConfigurationDelegate - Finished Spring Data repository scanning in 14 ms. Found 0 Redis repository interfaces.
2026-02-08 13:27:02.203 [main] DEBUG o.m.s.mapper.ClassPathMapperScanner - Identified candidate component class: file [F:\my-github\coding-platform\coding-platform-web\target\classes\cn\caigh\coding_platform\dao\UserDao.class]
2026-02-08 13:27:02.205 [main] DEBUG o.m.s.mapper.ClassPathMapperScanner - Creating MapperFactoryBean with name 'userDao' and 'cn.caigh.coding_platform.dao.UserDao' mapperInterface
2026-02-08 13:27:02.208 [main] DEBUG o.m.s.mapper.ClassPathMapperScanner - Enabling autowire by type for MapperFactoryBean with name 'userDao'.
2026-02-08 13:27:02.802 [main] INFO  o.s.b.w.e.tomcat.TomcatWebServer - Tomcat initialized with port 8080 (http)
2026-02-08 13:27:02.811 [main] INFO  o.a.coyote.http11.Http11NioProtocol - Initializing ProtocolHandler ["http-nio-8080"]
2026-02-08 13:27:02.812 [main] INFO  o.a.catalina.core.StandardService - Starting service [Tomcat]
2026-02-08 13:27:02.813 [main] INFO  o.a.catalina.core.StandardEngine - Starting Servlet engine: [Apache Tomcat/10.1.50]
2026-02-08 13:27:02.864 [main] INFO  o.a.c.c.C.[.[localhost].[/api] - Initializing Spring embedded WebApplicationContext
2026-02-08 13:27:02.864 [main] INFO  o.s.b.w.s.c.ServletWebServerApplicationContext - Root WebApplicationContext: initialization completed in 1332 ms
2026-02-08 13:27:03.778 [main] DEBUG o.m.spring.SqlSessionFactoryBean - Property 'mapperLocations' was not specified.
2026-02-08 13:27:04.209 [main] INFO  o.s.s.c.a.a.c.InitializeUserDetailsBeanManagerConfigurer$InitializeUserDetailsManagerConfigurer - Global AuthenticationManager configured with UserDetailsService bean with name userDetailsServiceImpl
2026-02-08 13:27:04.367 [main] DEBUG o.s.s.web.DefaultSecurityFilterChain - Will secure any request with filters: DisableEncodeUrlFilter, WebAsyncManagerIntegrationFilter, SecurityContextHolderFilter, HeaderWriterFilter, CorsFilter, LogoutFilter, JwtAuthenticationFilter, RequestCacheAwareFilter, SecurityContextHolderAwareRequestFilter, AnonymousAuthenticationFilter, SessionManagementFilter, ExceptionTranslationFilter, AuthorizationFilter
2026-02-08 13:27:04.876 [main] INFO  o.a.coyote.http11.Http11NioProtocol - Starting ProtocolHandler ["http-nio-8080"]
2026-02-08 13:27:04.915 [main] INFO  o.s.b.w.e.tomcat.TomcatWebServer - Tomcat started on port 8080 (http) with context path '/api'
2026-02-08 13:27:04.929 [main] INFO  c.c.c.CodingPlatformApplication - Started CodingPlatformApplication in 3.672 seconds (process running for 3.984)
2026-02-08 13:27:07.151 [http-nio-8080-exec-1] INFO  o.a.c.c.C.[.[localhost].[/api] - Initializing Spring DispatcherServlet 'dispatcherServlet'
2026-02-08 13:27:07.151 [http-nio-8080-exec-1] INFO  o.s.web.servlet.DispatcherServlet - Initializing Servlet 'dispatcherServlet'
2026-02-08 13:27:07.152 [http-nio-8080-exec-1] INFO  o.s.web.servlet.DispatcherServlet - Completed initialization in 1 ms
2026-02-08 13:27:07.165 [http-nio-8080-exec-2] DEBUG o.s.security.web.FilterChainProxy - Securing GET /dss/user/menusdsda.json
2026-02-08 13:27:07.165 [http-nio-8080-exec-1] DEBUG o.s.security.web.FilterChainProxy - Securing GET /dss/user/menusdsda.json
2026-02-08 13:27:07.659 [http-nio-8080-exec-1] DEBUG o.s.security.web.FilterChainProxy - Secured GET /dss/user/menusdsda.json
2026-02-08 13:27:07.659 [http-nio-8080-exec-2] DEBUG o.s.security.web.FilterChainProxy - Secured GET /dss/user/menusdsda.json
2026-02-08 13:29:47.942 [http-nio-8080-exec-3] DEBUG o.s.security.web.FilterChainProxy - Securing GET /dss/user/menusdsda.json
2026-02-08 13:29:47.942 [http-nio-8080-exec-4] DEBUG o.s.security.web.FilterChainProxy - Securing GET /dss/user/menusdsda.json
2026-02-08 13:29:47.949 [http-nio-8080-exec-3] DEBUG o.s.security.web.FilterChainProxy - Secured GET /dss/user/menusdsda.json
2026-02-08 13:29:47.949 [http-nio-8080-exec-4] DEBUG o.s.security.web.FilterChainProxy - Secured GET /dss/user/menusdsda.json
2026-02-08 13:29:57.178 [http-nio-8080-exec-5] DEBUG o.s.security.web.FilterChainProxy - Securing GET /dss/user/menusdsda.json
2026-02-08 13:29:57.178 [http-nio-8080-exec-6] DEBUG o.s.security.web.FilterChainProxy - Securing GET /dss/user/menusdsda.json
2026-02-08 13:29:57.183 [http-nio-8080-exec-5] DEBUG o.s.security.web.FilterChainProxy - Secured GET /dss/user/menusdsda.json
2026-02-08 13:29:57.183 [http-nio-8080-exec-6] DEBUG o.s.security.web.FilterChainProxy - Secured GET /dss/user/menusdsda.json
2026-02-08 13:30:51.330 [http-nio-8080-exec-7] DEBUG o.s.security.web.FilterChainProxy - Securing GET /dss/user/menusdsda.json
2026-02-08 13:30:51.330 [http-nio-8080-exec-8] DEBUG o.s.security.web.FilterChainProxy - Securing GET /dss/user/menusdsda.json
2026-02-08 13:30:51.336 [http-nio-8080-exec-7] DEBUG o.s.security.web.FilterChainProxy - Secured GET /dss/user/menusdsda.json
2026-02-08 13:30:51.336 [http-nio-8080-exec-8] DEBUG o.s.security.web.FilterChainProxy - Secured GET /dss/user/menusdsda.json
2026-02-08 13:31:03.698 [http-nio-8080-exec-9] DEBUG o.s.security.web.FilterChainProxy - Securing GET /dss/user/menusdsda.json
2026-02-08 13:31:03.698 [http-nio-8080-exec-10] DEBUG o.s.security.web.FilterChainProxy - Securing GET /dss/user/menusdsda.json
2026-02-08 13:31:03.703 [http-nio-8080-exec-9] DEBUG o.s.security.web.FilterChainProxy - Secured GET /dss/user/menusdsda.json
2026-02-08 13:31:03.704 [http-nio-8080-exec-10] DEBUG o.s.security.web.FilterChainProxy - Secured GET /dss/user/menusdsda.json
2026-02-08 13:32:00.239 [http-nio-8080-exec-1] DEBUG o.s.security.web.FilterChainProxy - Securing GET /user/menu.json
2026-02-08 13:32:00.240 [http-nio-8080-exec-2] DEBUG o.s.security.web.FilterChainProxy - Securing GET /user/menu.json
2026-02-08 13:32:00.247 [http-nio-8080-exec-1] DEBUG o.s.security.web.FilterChainProxy - Secured GET /user/menu.json
2026-02-08 13:32:00.247 [http-nio-8080-exec-2] DEBUG o.s.security.web.FilterChainProxy - Secured GET /user/menu.json
2026-02-08 13:32:00.293 [http-nio-8080-exec-2] INFO  c.alibaba.druid.pool.DruidDataSource - {dataSource-1} inited
2026-02-08 13:35:40.980 [http-nio-8080-exec-4] DEBUG o.s.security.web.FilterChainProxy - Securing GET /user/menu.json
2026-02-08 13:35:40.980 [http-nio-8080-exec-3] DEBUG o.s.security.web.FilterChainProxy - Securing GET /user/menu.json
2026-02-08 13:35:40.985 [http-nio-8080-exec-4] DEBUG o.s.security.web.FilterChainProxy - Secured GET /user/menu.json
2026-02-08 13:35:40.985 [http-nio-8080-exec-3] DEBUG o.s.security.web.FilterChainProxy - Secured GET /user/menu.json
2026-02-08 13:42:06.683 [http-nio-8080-exec-6] DEBUG o.s.security.web.FilterChainProxy - Securing GET /user/menu.json
2026-02-08 13:42:06.683 [http-nio-8080-exec-5] DEBUG o.s.security.web.FilterChainProxy - Securing GET /user/menu.json
2026-02-08 13:42:06.696 [http-nio-8080-exec-6] DEBUG o.s.security.web.FilterChainProxy - Secured GET /user/menu.json
2026-02-08 13:42:06.697 [http-nio-8080-exec-5] DEBUG o.s.security.web.FilterChainProxy - Secured GET /user/menu.json
2026-02-08 13:43:11.797 [http-nio-8080-exec-8] DEBUG o.s.security.web.FilterChainProxy - Securing GET /user/menu.json
2026-02-08 13:43:11.799 [http-nio-8080-exec-7] DEBUG o.s.security.web.FilterChainProxy - Securing GET /user/menu.json
2026-02-08 13:43:11.803 [http-nio-8080-exec-8] DEBUG o.s.security.web.FilterChainProxy - Secured GET /user/menu.json
2026-02-08 13:43:11.803 [http-nio-8080-exec-7] DEBUG o.s.security.web.FilterChainProxy - Secured GET /user/menu.json
2026-02-08 13:49:01.037 [http-nio-8080-exec-9] DEBUG o.s.security.web.FilterChainProxy - Securing GET /user/menu.json
2026-02-08 13:49:01.037 [http-nio-8080-exec-10] DEBUG o.s.security.web.FilterChainProxy - Securing GET /user/menu.json
2026-02-08 13:49:01.047 [http-nio-8080-exec-10] DEBUG o.s.security.web.FilterChainProxy - Secured GET /user/menu.json
2026-02-08 13:49:01.047 [http-nio-8080-exec-9] DEBUG o.s.security.web.FilterChainProxy - Secured GET /user/menu.json
2026-02-08 13:51:34.499 [http-nio-8080-exec-2] DEBUG o.s.security.web.FilterChainProxy - Securing GET /user/menu.json
2026-02-08 13:51:34.499 [http-nio-8080-exec-1] DEBUG o.s.security.web.FilterChainProxy - Securing GET /user/menu.json
2026-02-08 13:51:34.504 [http-nio-8080-exec-2] DEBUG o.s.security.web.FilterChainProxy - Secured GET /user/menu.json
2026-02-08 13:51:34.504 [http-nio-8080-exec-1] DEBUG o.s.security.web.FilterChainProxy - Secured GET /user/menu.json
2026-02-08 13:51:42.756 [http-nio-8080-exec-3] DEBUG o.s.security.web.FilterChainProxy - Securing GET /user/menu.json
2026-02-08 13:51:42.757 [http-nio-8080-exec-4] DEBUG o.s.security.web.FilterChainProxy - Securing GET /user/menu.json
2026-02-08 13:51:42.762 [http-nio-8080-exec-3] DEBUG o.s.security.web.FilterChainProxy - Secured GET /user/menu.json
2026-02-08 13:51:42.762 [http-nio-8080-exec-4] DEBUG o.s.security.web.FilterChainProxy - Secured GET /user/menu.json
2026-02-08 13:52:20.595 [http-nio-8080-exec-5] DEBUG o.s.security.web.FilterChainProxy - Securing GET /user/menu.json
2026-02-08 13:52:20.595 [http-nio-8080-exec-6] DEBUG o.s.security.web.FilterChainProxy - Securing GET /user/menu.json
2026-02-08 13:52:20.603 [http-nio-8080-exec-6] DEBUG o.s.security.web.FilterChainProxy - Secured GET /user/menu.json
2026-02-08 13:52:20.603 [http-nio-8080-exec-5] DEBUG o.s.security.web.FilterChainProxy - Secured GET /user/menu.json
2026-02-08 13:52:33.092 [http-nio-8080-exec-8] DEBUG o.s.security.web.FilterChainProxy - Securing GET /user/menu.json
2026-02-08 13:52:33.093 [http-nio-8080-exec-7] DEBUG o.s.security.web.FilterChainProxy - Securing GET /user/menu.json
2026-02-08 13:52:33.098 [http-nio-8080-exec-7] DEBUG o.s.security.web.FilterChainProxy - Secured GET /user/menu.json
2026-02-08 13:52:33.098 [http-nio-8080-exec-8] DEBUG o.s.security.web.FilterChainProxy - Secured GET /user/menu.json
2026-02-08 13:53:57.288 [http-nio-8080-exec-9] DEBUG o.s.security.web.FilterChainProxy - Securing GET /user/menu.json
2026-02-08 13:53:57.288 [http-nio-8080-exec-10] DEBUG o.s.security.web.FilterChainProxy - Securing GET /user/menu.json
2026-02-08 13:53:57.294 [http-nio-8080-exec-9] DEBUG o.s.security.web.FilterChainProxy - Secured GET /user/menu.json
2026-02-08 13:53:57.294 [http-nio-8080-exec-10] DEBUG o.s.security.web.FilterChainProxy - Secured GET /user/menu.json
2026-02-08 13:54:14.493 [http-nio-8080-exec-2] DEBUG o.s.security.web.FilterChainProxy - Securing GET /user/menu.json
2026-02-08 13:54:14.493 [http-nio-8080-exec-1] DEBUG o.s.security.web.FilterChainProxy - Securing GET /user/menu.json
2026-02-08 13:54:14.507 [http-nio-8080-exec-2] DEBUG o.s.security.web.FilterChainProxy - Secured GET /user/menu.json
2026-02-08 13:54:14.507 [http-nio-8080-exec-1] DEBUG o.s.security.web.FilterChainProxy - Secured GET /user/menu.json
2026-02-08 13:54:56.025 [http-nio-8080-exec-4] DEBUG o.s.security.web.FilterChainProxy - Securing GET /user/menu.json
2026-02-08 13:54:56.025 [http-nio-8080-exec-3] DEBUG o.s.security.web.FilterChainProxy - Securing GET /user/menu.json
2026-02-08 13:54:56.030 [http-nio-8080-exec-3] DEBUG o.s.security.web.FilterChainProxy - Secured GET /user/menu.json
2026-02-08 13:54:56.030 [http-nio-8080-exec-4] DEBUG o.s.security.web.FilterChainProxy - Secured GET /user/menu.json
2026-02-08 13:55:43.100 [http-nio-8080-exec-5] DEBUG o.s.security.web.FilterChainProxy - Securing GET /user/menu.json
2026-02-08 13:55:43.101 [http-nio-8080-exec-6] DEBUG o.s.security.web.FilterChainProxy - Securing GET /user/menu.json
2026-02-08 13:55:43.105 [http-nio-8080-exec-5] DEBUG o.s.security.web.FilterChainProxy - Secured GET /user/menu.json
2026-02-08 13:55:43.105 [http-nio-8080-exec-6] DEBUG o.s.security.web.FilterChainProxy - Secured GET /user/menu.json
2026-02-08 13:56:13.777 [http-nio-8080-exec-7] DEBUG o.s.security.web.FilterChainProxy - Securing GET /user/menu.json
2026-02-08 13:56:13.777 [http-nio-8080-exec-8] DEBUG o.s.security.web.FilterChainProxy - Securing GET /user/menu.json
2026-02-08 13:56:13.783 [http-nio-8080-exec-7] DEBUG o.s.security.web.FilterChainProxy - Secured GET /user/menu.json
2026-02-08 13:56:13.783 [http-nio-8080-exec-8] DEBUG o.s.security.web.FilterChainProxy - Secured GET /user/menu.json
2026-02-08 13:56:37.333 [http-nio-8080-exec-9] DEBUG o.s.security.web.FilterChainProxy - Securing GET /user/menu.json
2026-02-08 13:56:37.335 [http-nio-8080-exec-10] DEBUG o.s.security.web.FilterChainProxy - Securing GET /user/menu.json
2026-02-08 13:56:37.339 [http-nio-8080-exec-9] DEBUG o.s.security.web.FilterChainProxy - Secured GET /user/menu.json
2026-02-08 13:56:37.339 [http-nio-8080-exec-10] DEBUG o.s.security.web.FilterChainProxy - Secured GET /user/menu.json
2026-02-08 14:01:23.590 [http-nio-8080-exec-2] DEBUG o.s.security.web.FilterChainProxy - Securing GET /user/menu.json
2026-02-08 14:01:23.590 [http-nio-8080-exec-1] DEBUG o.s.security.web.FilterChainProxy - Securing GET /user/menu.json
2026-02-08 14:01:23.597 [http-nio-8080-exec-1] DEBUG o.s.security.web.FilterChainProxy - Secured GET /user/menu.json
2026-02-08 14:01:23.597 [http-nio-8080-exec-2] DEBUG o.s.security.web.FilterChainProxy - Secured GET /user/menu.json
2026-02-08 14:07:47.601 [http-nio-8080-exec-4] DEBUG o.s.security.web.FilterChainProxy - Securing GET /user/menu.json
2026-02-08 14:07:47.602 [http-nio-8080-exec-3] DEBUG o.s.security.web.FilterChainProxy - Securing GET /user/menu.json
2026-02-08 14:07:47.606 [http-nio-8080-exec-4] DEBUG o.s.security.web.FilterChainProxy - Secured GET /user/menu.json
2026-02-08 14:07:47.606 [http-nio-8080-exec-3] DEBUG o.s.security.web.FilterChainProxy - Secured GET /user/menu.json
2026-02-08 14:11:11.092 [http-nio-8080-exec-6] DEBUG o.s.security.web.FilterChainProxy - Securing GET /user/menu.json
2026-02-08 14:11:11.093 [http-nio-8080-exec-5] DEBUG o.s.security.web.FilterChainProxy - Securing GET /user/menu.json
2026-02-08 14:11:11.098 [http-nio-8080-exec-6] DEBUG o.s.security.web.FilterChainProxy - Secured GET /user/menu.json
2026-02-08 14:11:11.098 [http-nio-8080-exec-5] DEBUG o.s.security.web.FilterChainProxy - Secured GET /user/menu.json
2026-02-08 14:13:11.804 [http-nio-8080-exec-8] DEBUG o.s.security.web.FilterChainProxy - Securing GET /user/menu.json
2026-02-08 14:13:11.805 [http-nio-8080-exec-7] DEBUG o.s.security.web.FilterChainProxy - Securing GET /user/menu.json
2026-02-08 14:13:11.810 [http-nio-8080-exec-8] DEBUG o.s.security.web.FilterChainProxy - Secured GET /user/menu.json
2026-02-08 14:13:11.810 [http-nio-8080-exec-7] DEBUG o.s.security.web.FilterChainProxy - Secured GET /user/menu.json
2026-02-08 14:13:33.648 [http-nio-8080-exec-9] DEBUG o.s.security.web.FilterChainProxy - Securing GET /user/menu.json
2026-02-08 14:13:33.648 [http-nio-8080-exec-10] DEBUG o.s.security.web.FilterChainProxy - Securing GET /user/menu.json
2026-02-08 14:13:33.660 [http-nio-8080-exec-9] DEBUG o.s.security.web.FilterChainProxy - Secured GET /user/menu.json
2026-02-08 14:13:33.660 [http-nio-8080-exec-10] DEBUG o.s.security.web.FilterChainProxy - Secured GET /user/menu.json
2026-02-08 14:13:52.212 [http-nio-8080-exec-1] DEBUG o.s.security.web.FilterChainProxy - Securing GET /user/menu.json
2026-02-08 14:13:52.213 [http-nio-8080-exec-2] DEBUG o.s.security.web.FilterChainProxy - Securing GET /user/menu.json
2026-02-08 14:13:52.217 [http-nio-8080-exec-1] DEBUG o.s.security.web.FilterChainProxy - Secured GET /user/menu.json
2026-02-08 14:13:52.218 [http-nio-8080-exec-2] DEBUG o.s.security.web.FilterChainProxy - Secured GET /user/menu.json
2026-02-08 14:14:03.794 [http-nio-8080-exec-4] DEBUG o.s.security.web.FilterChainProxy - Securing GET /user/menu.json
2026-02-08 14:14:03.795 [http-nio-8080-exec-3] DEBUG o.s.security.web.FilterChainProxy - Securing GET /user/menu.json
2026-02-08 14:14:03.800 [http-nio-8080-exec-4] DEBUG o.s.security.web.FilterChainProxy - Secured GET /user/menu.json
2026-02-08 14:14:03.800 [http-nio-8080-exec-3] DEBUG o.s.security.web.FilterChainProxy - Secured GET /user/menu.json
2026-02-08 14:14:34.773 [http-nio-8080-exec-5] DEBUG o.s.security.web.FilterChainProxy - Securing GET /user/menu.json
2026-02-08 14:14:34.773 [http-nio-8080-exec-6] DEBUG o.s.security.web.FilterChainProxy - Securing GET /user/menu.json
2026-02-08 14:14:34.788 [http-nio-8080-exec-5] DEBUG o.s.security.web.FilterChainProxy - Secured GET /user/menu.json
2026-02-08 14:14:34.788 [http-nio-8080-exec-6] DEBUG o.s.security.web.FilterChainProxy - Secured GET /user/menu.json
2026-02-08 14:14:47.178 [http-nio-8080-exec-8] DEBUG o.s.security.web.FilterChainProxy - Securing GET /user/menu.json
2026-02-08 14:14:47.178 [http-nio-8080-exec-7] DEBUG o.s.security.web.FilterChainProxy - Securing GET /user/menu.json
2026-02-08 14:14:47.182 [http-nio-8080-exec-8] DEBUG o.s.security.web.FilterChainProxy - Secured GET /user/menu.json
2026-02-08 14:14:47.182 [http-nio-8080-exec-7] DEBUG o.s.security.web.FilterChainProxy - Secured GET /user/menu.json
2026-02-08 14:15:38.213 [http-nio-8080-exec-9] DEBUG o.s.security.web.FilterChainProxy - Securing GET /user/menu.json
2026-02-08 14:15:38.213 [http-nio-8080-exec-10] DEBUG o.s.security.web.FilterChainProxy - Securing GET /user/menu.json
2026-02-08 14:15:38.218 [http-nio-8080-exec-10] DEBUG o.s.security.web.FilterChainProxy - Secured GET /user/menu.json
2026-02-08 14:15:38.218 [http-nio-8080-exec-9] DEBUG o.s.security.web.FilterChainProxy - Secured GET /user/menu.json
2026-02-08 14:22:53.202 [http-nio-8080-exec-2] DEBUG o.s.security.web.FilterChainProxy - Securing GET /user/menu.json
2026-02-08 14:22:53.202 [http-nio-8080-exec-1] DEBUG o.s.security.web.FilterChainProxy - Securing GET /user/menu.json
2026-02-08 14:22:53.208 [http-nio-8080-exec-1] DEBUG o.s.security.web.FilterChainProxy - Secured GET /user/menu.json
2026-02-08 14:22:53.208 [http-nio-8080-exec-2] DEBUG o.s.security.web.FilterChainProxy - Secured GET /user/menu.json
2026-02-08 14:23:19.791 [http-nio-8080-exec-3] DEBUG o.s.security.web.FilterChainProxy - Securing GET /user/menu.json
2026-02-08 14:23:19.791 [http-nio-8080-exec-4] DEBUG o.s.security.web.FilterChainProxy - Securing GET /user/menu.json
2026-02-08 14:23:19.796 [http-nio-8080-exec-3] DEBUG o.s.security.web.FilterChainProxy - Secured GET /user/menu.json
2026-02-08 14:23:19.796 [http-nio-8080-exec-4] DEBUG o.s.security.web.FilterChainProxy - Secured GET /user/menu.json
2026-02-08 14:24:18.027 [http-nio-8080-exec-6] DEBUG o.s.security.web.FilterChainProxy - Securing GET /user/menu.json
2026-02-08 14:24:18.027 [http-nio-8080-exec-5] DEBUG o.s.security.web.FilterChainProxy - Securing GET /user/menu.json
2026-02-08 14:24:18.040 [http-nio-8080-exec-6] DEBUG o.s.security.web.FilterChainProxy - Secured GET /user/menu.json
2026-02-08 14:24:18.040 [http-nio-8080-exec-5] DEBUG o.s.security.web.FilterChainProxy - Secured GET /user/menu.json
2026-02-08 14:24:59.338 [http-nio-8080-exec-7] DEBUG o.s.security.web.FilterChainProxy - Securing GET /user/menu.json
2026-02-08 14:24:59.338 [http-nio-8080-exec-8] DEBUG o.s.security.web.FilterChainProxy - Securing GET /user/menu.json
2026-02-08 14:24:59.343 [http-nio-8080-exec-7] DEBUG o.s.security.web.FilterChainProxy - Secured GET /user/menu.json
2026-02-08 14:24:59.343 [http-nio-8080-exec-8] DEBUG o.s.security.web.FilterChainProxy - Secured GET /user/menu.json
2026-02-08 14:25:56.442 [http-nio-8080-exec-9] DEBUG o.s.security.web.FilterChainProxy - Securing GET /user/menu.json
2026-02-08 14:25:56.442 [http-nio-8080-exec-10] DEBUG o.s.security.web.FilterChainProxy - Securing GET /user/menu.json
2026-02-08 14:25:56.446 [http-nio-8080-exec-9] DEBUG o.s.security.web.FilterChainProxy - Secured GET /user/menu.json
2026-02-08 14:25:56.446 [http-nio-8080-exec-10] DEBUG o.s.security.web.FilterChainProxy - Secured GET /user/menu.json
2026-02-08 14:26:26.311 [http-nio-8080-exec-1] DEBUG o.s.security.web.FilterChainProxy - Securing GET /user/menu.json
2026-02-08 14:26:26.311 [http-nio-8080-exec-2] DEBUG o.s.security.web.FilterChainProxy - Securing GET /user/menu.json
2026-02-08 14:26:26.317 [http-nio-8080-exec-2] DEBUG o.s.security.web.FilterChainProxy - Secured GET /user/menu.json
2026-02-08 14:26:26.317 [http-nio-8080-exec-1] DEBUG o.s.security.web.FilterChainProxy - Secured GET /user/menu.json
2026-02-08 14:26:32.895 [http-nio-8080-exec-3] DEBUG o.s.security.web.FilterChainProxy - Securing GET /user/menu.json
2026-02-08 14:26:32.897 [http-nio-8080-exec-4] DEBUG o.s.security.web.FilterChainProxy - Securing GET /user/menu.json
2026-02-08 14:26:32.901 [http-nio-8080-exec-3] DEBUG o.s.security.web.FilterChainProxy - Secured GET /user/menu.json
2026-02-08 14:26:32.902 [http-nio-8080-exec-4] DEBUG o.s.security.web.FilterChainProxy - Secured GET /user/menu.json
2026-02-08 14:26:44.064 [http-nio-8080-exec-5] DEBUG o.s.security.web.FilterChainProxy - Securing GET /user/menu.json
2026-02-08 14:26:44.065 [http-nio-8080-exec-6] DEBUG o.s.security.web.FilterChainProxy - Securing GET /user/menu.json
2026-02-08 14:26:44.068 [http-nio-8080-exec-5] DEBUG o.s.security.web.FilterChainProxy - Secured GET /user/menu.json
2026-02-08 14:26:44.069 [http-nio-8080-exec-6] DEBUG o.s.security.web.FilterChainProxy - Secured GET /user/menu.json
2026-02-08 14:28:33.699 [http-nio-8080-exec-7] DEBUG o.s.security.web.FilterChainProxy - Securing GET /user/menu.json
2026-02-08 14:28:33.699 [http-nio-8080-exec-8] DEBUG o.s.security.web.FilterChainProxy - Securing GET /user/menu.json
2026-02-08 14:28:33.705 [http-nio-8080-exec-7] DEBUG o.s.security.web.FilterChainProxy - Secured GET /user/menu.json
2026-02-08 14:28:33.705 [http-nio-8080-exec-8] DEBUG o.s.security.web.FilterChainProxy - Secured GET /user/menu.json
2026-02-08 14:28:40.530 [http-nio-8080-exec-9] DEBUG o.s.security.web.FilterChainProxy - Securing GET /user/menu.json
2026-02-08 14:28:40.531 [http-nio-8080-exec-10] DEBUG o.s.security.web.FilterChainProxy - Securing GET /user/menu.json
2026-02-08 14:28:40.535 [http-nio-8080-exec-9] DEBUG o.s.security.web.FilterChainProxy - Secured GET /user/menu.json
2026-02-08 14:28:40.535 [http-nio-8080-exec-10] DEBUG o.s.security.web.FilterChainProxy - Secured GET /user/menu.json
2026-02-08 14:29:26.605 [http-nio-8080-exec-2] DEBUG o.s.security.web.FilterChainProxy - Securing GET /user/menu.json
2026-02-08 14:29:26.606 [http-nio-8080-exec-1] DEBUG o.s.security.web.FilterChainProxy - Securing GET /user/menu.json
2026-02-08 14:29:26.611 [http-nio-8080-exec-2] DEBUG o.s.security.web.FilterChainProxy - Secured GET /user/menu.json
2026-02-08 14:29:26.611 [http-nio-8080-exec-1] DEBUG o.s.security.web.FilterChainProxy - Secured GET /user/menu.json
2026-02-08 14:30:19.464 [http-nio-8080-exec-3] DEBUG o.s.security.web.FilterChainProxy - Securing GET /user/menu.json
2026-02-08 14:30:19.464 [http-nio-8080-exec-4] DEBUG o.s.security.web.FilterChainProxy - Securing GET /user/menu.json
2026-02-08 14:30:19.468 [http-nio-8080-exec-3] DEBUG o.s.security.web.FilterChainProxy - Secured GET /user/menu.json
2026-02-08 14:30:19.468 [http-nio-8080-exec-4] DEBUG o.s.security.web.FilterChainProxy - Secured GET /user/menu.json
2026-02-08 14:30:36.910 [http-nio-8080-exec-6] DEBUG o.s.security.web.FilterChainProxy - Securing GET /user/menu.json
2026-02-08 14:30:36.911 [http-nio-8080-exec-5] DEBUG o.s.security.web.FilterChainProxy - Securing GET /user/menu.json
2026-02-08 14:30:36.915 [http-nio-8080-exec-5] DEBUG o.s.security.web.FilterChainProxy - Secured GET /user/menu.json
2026-02-08 14:30:36.915 [http-nio-8080-exec-6] DEBUG o.s.security.web.FilterChainProxy - Secured GET /user/menu.json
2026-02-08 14:30:42.328 [http-nio-8080-exec-7] DEBUG o.s.security.web.FilterChainProxy - Securing GET /user/menu.json
2026-02-08 14:30:42.328 [http-nio-8080-exec-8] DEBUG o.s.security.web.FilterChainProxy - Securing GET /user/menu.json
2026-02-08 14:30:42.332 [http-nio-8080-exec-8] DEBUG o.s.security.web.FilterChainProxy - Secured GET /user/menu.json
2026-02-08 14:30:42.332 [http-nio-8080-exec-7] DEBUG o.s.security.web.FilterChainProxy - Secured GET /user/menu.json
2026-02-08 14:31:07.372 [http-nio-8080-exec-10] DEBUG o.s.security.web.FilterChainProxy - Securing GET /user/menu.json
2026-02-08 14:31:07.372 [http-nio-8080-exec-9] DEBUG o.s.security.web.FilterChainProxy - Securing GET /user/menu.json
2026-02-08 14:31:07.377 [http-nio-8080-exec-9] DEBUG o.s.security.web.FilterChainProxy - Secured GET /user/menu.json
2026-02-08 14:31:07.377 [http-nio-8080-exec-10] DEBUG o.s.security.web.FilterChainProxy - Secured GET /user/menu.json
2026-02-08 14:31:22.748 [http-nio-8080-exec-2] DEBUG o.s.security.web.FilterChainProxy - Securing GET /user/menu.json
2026-02-08 14:31:22.750 [http-nio-8080-exec-1] DEBUG o.s.security.web.FilterChainProxy - Securing GET /user/menu.json
2026-02-08 14:31:22.753 [http-nio-8080-exec-2] DEBUG o.s.security.web.FilterChainProxy - Secured GET /user/menu.json
2026-02-08 14:31:22.753 [http-nio-8080-exec-1] DEBUG o.s.security.web.FilterChainProxy - Secured GET /user/menu.json
2026-02-08 14:37:28.976 [SpringApplicationShutdownHook] INFO  o.s.b.w.e.tomcat.GracefulShutdown - Commencing graceful shutdown. Waiting for active requests to complete
2026-02-08 14:37:29.243 [tomcat-shutdown] INFO  o.s.b.w.e.tomcat.GracefulShutdown - Graceful shutdown complete
2026-02-08 14:37:29.275 [SpringApplicationShutdownHook] INFO  c.alibaba.druid.pool.DruidDataSource - {dataSource-1} closing ...
2026-02-08 14:37:29.277 [SpringApplicationShutdownHook] INFO  c.alibaba.druid.pool.DruidDataSource - {dataSource-1} closed
2026-02-08 14:37:31.903 [background-preinit] INFO  o.h.validator.internal.util.Version - HV000001: Hibernate Validator 8.0.3.Final
2026-02-08 14:37:31.936 [main] INFO  c.c.c.CodingPlatformApplication - Starting CodingPlatformApplication using Java 17.0.12 with PID 22760 (F:\my-github\coding-platform\coding-platform-web\target\classes started by Caigh in F:\my-github\coding-platform\coding-platform-web)
2026-02-08 14:37:31.937 [main] INFO  c.c.c.CodingPlatformApplication - No active profile set, falling back to 1 default profile: "default"
2026-02-08 14:37:32.555 [main] INFO  o.s.d.r.c.RepositoryConfigurationDelegate - Multiple Spring Data modules found, entering strict repository configuration mode
2026-02-08 14:37:32.557 [main] INFO  o.s.d.r.c.RepositoryConfigurationDelegate - Bootstrapping Spring Data Redis repositories in DEFAULT mode.
2026-02-08 14:37:32.586 [main] INFO  o.s.d.r.c.RepositoryConfigurationDelegate - Finished Spring Data repository scanning in 11 ms. Found 0 Redis repository interfaces.
2026-02-08 14:37:32.693 [main] DEBUG o.m.s.mapper.ClassPathMapperScanner - Identified candidate component class: file [F:\my-github\coding-platform\coding-platform-web\target\classes\cn\caigh\coding_platform\dao\UserDao.class]
2026-02-08 14:37:32.694 [main] DEBUG o.m.s.mapper.ClassPathMapperScanner - Creating MapperFactoryBean with name 'userDao' and 'cn.caigh.coding_platform.dao.UserDao' mapperInterface
2026-02-08 14:37:32.697 [main] DEBUG o.m.s.mapper.ClassPathMapperScanner - Enabling autowire by type for MapperFactoryBean with name 'userDao'.
2026-02-08 14:37:33.356 [main] INFO  o.s.b.w.e.tomcat.TomcatWebServer - Tomcat initialized with port 8080 (http)
2026-02-08 14:37:33.371 [main] INFO  o.a.coyote.http11.Http11NioProtocol - Initializing ProtocolHandler ["http-nio-8080"]
2026-02-08 14:37:33.372 [main] INFO  o.a.catalina.core.StandardService - Starting service [Tomcat]
2026-02-08 14:37:33.373 [main] INFO  o.a.catalina.core.StandardEngine - Starting Servlet engine: [Apache Tomcat/10.1.50]
2026-02-08 14:37:33.444 [main] INFO  o.a.c.c.C.[.[localhost].[/api] - Initializing Spring embedded WebApplicationContext
2026-02-08 14:37:33.444 [main] INFO  o.s.b.w.s.c.ServletWebServerApplicationContext - Root WebApplicationContext: initialization completed in 1472 ms
2026-02-08 14:37:34.491 [main] DEBUG o.m.spring.SqlSessionFactoryBean - Property 'mapperLocations' was not specified.
2026-02-08 14:37:34.928 [main] INFO  o.s.s.c.a.a.c.InitializeUserDetailsBeanManagerConfigurer$InitializeUserDetailsManagerConfigurer - Global AuthenticationManager configured with UserDetailsService bean with name userDetailsServiceImpl
2026-02-08 14:37:35.082 [main] DEBUG o.s.s.web.DefaultSecurityFilterChain - Will secure any request with filters: DisableEncodeUrlFilter, WebAsyncManagerIntegrationFilter, SecurityContextHolderFilter, HeaderWriterFilter, CorsFilter, LogoutFilter, JwtAuthenticationFilter, RequestCacheAwareFilter, SecurityContextHolderAwareRequestFilter, AnonymousAuthenticationFilter, SessionManagementFilter, ExceptionTranslationFilter, AuthorizationFilter
2026-02-08 14:37:35.572 [main] INFO  o.a.coyote.http11.Http11NioProtocol - Starting ProtocolHandler ["http-nio-8080"]
2026-02-08 14:37:35.605 [main] INFO  o.s.b.w.e.tomcat.TomcatWebServer - Tomcat started on port 8080 (http) with context path '/api'
2026-02-08 14:37:35.619 [main] INFO  c.c.c.CodingPlatformApplication - Started CodingPlatformApplication in 3.933 seconds (process running for 4.263)
2026-02-08 14:39:21.083 [http-nio-8080-exec-2] INFO  o.a.c.c.C.[.[localhost].[/api] - Initializing Spring DispatcherServlet 'dispatcherServlet'
2026-02-08 14:39:21.083 [http-nio-8080-exec-2] INFO  o.s.web.servlet.DispatcherServlet - Initializing Servlet 'dispatcherServlet'
2026-02-08 14:39:21.084 [http-nio-8080-exec-2] INFO  o.s.web.servlet.DispatcherServlet - Completed initialization in 0 ms
2026-02-08 14:39:21.110 [http-nio-8080-exec-2] DEBUG o.s.security.web.FilterChainProxy - Securing GET /user/menu.json
2026-02-08 14:39:21.110 [http-nio-8080-exec-1] DEBUG o.s.security.web.FilterChainProxy - Securing GET /user/menu.json
2026-02-08 14:39:21.888 [http-nio-8080-exec-1] DEBUG o.s.security.web.FilterChainProxy - Secured GET /user/menu.json
2026-02-08 14:39:21.888 [http-nio-8080-exec-2] DEBUG o.s.security.web.FilterChainProxy - Secured GET /user/menu.json
2026-02-08 14:39:21.958 [http-nio-8080-exec-1] INFO  c.alibaba.druid.pool.DruidDataSource - {dataSource-1} inited
2026-02-08 14:39:23.083 [http-nio-8080-exec-4] DEBUG o.s.security.web.FilterChainProxy - Securing GET /user/menu.json
2026-02-08 14:39:23.083 [http-nio-8080-exec-3] DEBUG o.s.security.web.FilterChainProxy - Securing GET /user/menu.json
2026-02-08 14:39:23.089 [http-nio-8080-exec-4] DEBUG o.s.security.web.FilterChainProxy - Secured GET /user/menu.json
2026-02-08 14:39:23.089 [http-nio-8080-exec-3] DEBUG o.s.security.web.FilterChainProxy - Secured GET /user/menu.json
2026-02-08 14:43:17.054 [http-nio-8080-exec-6] DEBUG o.s.security.web.FilterChainProxy - Securing GET /user/menu.json
2026-02-08 14:43:17.054 [http-nio-8080-exec-5] DEBUG o.s.security.web.FilterChainProxy - Securing GET /user/menu.json
2026-02-08 14:43:17.061 [http-nio-8080-exec-5] DEBUG o.s.security.web.FilterChainProxy - Secured GET /user/menu.json
2026-02-08 14:43:17.061 [http-nio-8080-exec-6] DEBUG o.s.security.web.FilterChainProxy - Secured GET /user/menu.json
2026-02-08 14:43:27.884 [http-nio-8080-exec-7] DEBUG o.s.security.web.FilterChainProxy - Securing GET /user/menu.json
2026-02-08 14:43:27.884 [http-nio-8080-exec-8] DEBUG o.s.security.web.FilterChainProxy - Securing GET /user/menu.json
2026-02-08 14:43:27.897 [http-nio-8080-exec-8] DEBUG o.s.security.web.FilterChainProxy - Secured GET /user/menu.json
2026-02-08 14:43:27.897 [http-nio-8080-exec-7] DEBUG o.s.security.web.FilterChainProxy - Secured GET /user/menu.json
2026-02-08 14:46:43.042 [http-nio-8080-exec-9] DEBUG o.s.security.web.FilterChainProxy - Securing GET /user/menu.json
2026-02-08 14:46:43.042 [http-nio-8080-exec-10] DEBUG o.s.security.web.FilterChainProxy - Securing GET /user/menu.json
2026-02-08 14:46:43.049 [http-nio-8080-exec-10] DEBUG o.s.security.web.FilterChainProxy - Secured GET /user/menu.json
2026-02-08 14:46:43.049 [http-nio-8080-exec-9] DEBUG o.s.security.web.FilterChainProxy - Secured GET /user/menu.json
2026-02-08 15:10:55.878 [http-nio-8080-exec-1] DEBUG o.s.security.web.FilterChainProxy - Securing GET /user/menu.json
2026-02-08 15:10:55.878 [http-nio-8080-exec-2] DEBUG o.s.security.web.FilterChainProxy - Securing GET /user/menu.json
2026-02-08 15:10:55.883 [http-nio-8080-exec-1] DEBUG o.s.security.web.FilterChainProxy - Secured GET /user/menu.json
2026-02-08 15:10:55.883 [http-nio-8080-exec-2] DEBUG o.s.security.web.FilterChainProxy - Secured GET /user/menu.json
2026-02-08 15:11:35.700 [http-nio-8080-exec-4] DEBUG o.s.security.web.FilterChainProxy - Securing GET /user/menu.json
2026-02-08 15:11:35.700 [http-nio-8080-exec-3] DEBUG o.s.security.web.FilterChainProxy - Securing GET /user/menu.json
2026-02-08 15:11:35.711 [http-nio-8080-exec-3] DEBUG o.s.security.web.FilterChainProxy - Secured GET /user/menu.json
2026-02-08 15:11:35.711 [http-nio-8080-exec-4] DEBUG o.s.security.web.FilterChainProxy - Secured GET /user/menu.json
2026-02-08 15:12:11.006 [http-nio-8080-exec-6] DEBUG o.s.security.web.FilterChainProxy - Securing GET /user/menu.json
2026-02-08 15:12:11.006 [http-nio-8080-exec-5] DEBUG o.s.security.web.FilterChainProxy - Securing GET /user/menu.json
2026-02-08 15:12:11.011 [http-nio-8080-exec-6] DEBUG o.s.security.web.FilterChainProxy - Secured GET /user/menu.json
2026-02-08 15:12:11.012 [http-nio-8080-exec-5] DEBUG o.s.security.web.FilterChainProxy - Secured GET /user/menu.json
2026-02-08 15:16:37.861 [http-nio-8080-exec-8] DEBUG o.s.security.web.FilterChainProxy - Securing GET /user/menu.json
2026-02-08 15:16:37.863 [http-nio-8080-exec-7] DEBUG o.s.security.web.FilterChainProxy - Securing GET /user/menu.json
2026-02-08 15:16:37.868 [http-nio-8080-exec-8] DEBUG o.s.security.web.FilterChainProxy - Secured GET /user/menu.json
2026-02-08 15:16:37.868 [http-nio-8080-exec-7] DEBUG o.s.security.web.FilterChainProxy - Secured GET /user/menu.json
2026-02-08 15:18:39.943 [http-nio-8080-exec-9] DEBUG o.s.security.web.FilterChainProxy - Securing GET /user/menu.json
2026-02-08 15:18:39.943 [http-nio-8080-exec-10] DEBUG o.s.security.web.FilterChainProxy - Securing GET /user/menu.json
2026-02-08 15:18:39.950 [http-nio-8080-exec-9] DEBUG o.s.security.web.FilterChainProxy - Secured GET /user/menu.json
2026-02-08 15:18:39.950 [http-nio-8080-exec-10] DEBUG o.s.security.web.FilterChainProxy - Secured GET /user/menu.json
2026-02-08 15:20:06.063 [http-nio-8080-exec-1] DEBUG o.s.security.web.FilterChainProxy - Securing GET /user/menu.json
2026-02-08 15:20:06.064 [http-nio-8080-exec-2] DEBUG o.s.security.web.FilterChainProxy - Securing GET /user/menu.json
2026-02-08 15:20:06.079 [http-nio-8080-exec-1] DEBUG o.s.security.web.FilterChainProxy - Secured GET /user/menu.json
2026-02-08 15:20:06.079 [http-nio-8080-exec-2] DEBUG o.s.security.web.FilterChainProxy - Secured GET /user/menu.json
2026-02-08 15:20:31.971 [http-nio-8080-exec-4] DEBUG o.s.security.web.FilterChainProxy - Securing GET /user/menu.json
2026-02-08 15:20:31.971 [http-nio-8080-exec-3] DEBUG o.s.security.web.FilterChainProxy - Securing GET /user/menu.json
2026-02-08 15:20:31.977 [http-nio-8080-exec-4] DEBUG o.s.security.web.FilterChainProxy - Secured GET /user/menu.json
2026-02-08 15:20:31.977 [http-nio-8080-exec-3] DEBUG o.s.security.web.FilterChainProxy - Secured GET /user/menu.json
2026-02-08 15:24:34.543 [http-nio-8080-exec-6] DEBUG o.s.security.web.FilterChainProxy - Securing GET /user/menu.json
2026-02-08 15:24:34.543 [http-nio-8080-exec-5] DEBUG o.s.security.web.FilterChainProxy - Securing GET /user/menu.json
2026-02-08 15:24:34.549 [http-nio-8080-exec-6] DEBUG o.s.security.web.FilterChainProxy - Secured GET /user/menu.json
2026-02-08 15:24:34.549 [http-nio-8080-exec-5] DEBUG o.s.security.web.FilterChainProxy - Secured GET /user/menu.json
2026-02-08 15:24:48.080 [http-nio-8080-exec-8] DEBUG o.s.security.web.FilterChainProxy - Securing GET /user/menu.json
2026-02-08 15:24:48.080 [http-nio-8080-exec-7] DEBUG o.s.security.web.FilterChainProxy - Securing GET /user/menu.json
2026-02-08 15:24:48.090 [http-nio-8080-exec-8] DEBUG o.s.security.web.FilterChainProxy - Secured GET /user/menu.json
2026-02-08 15:24:48.090 [http-nio-8080-exec-7] DEBUG o.s.security.web.FilterChainProxy - Secured GET /user/menu.json
2026-02-08 15:24:57.409 [http-nio-8080-exec-10] DEBUG o.s.security.web.FilterChainProxy - Securing GET /user/menu.json
2026-02-08 15:24:57.409 [http-nio-8080-exec-9] DEBUG o.s.security.web.FilterChainProxy - Securing GET /user/menu.json
2026-02-08 15:24:57.415 [http-nio-8080-exec-10] DEBUG o.s.security.web.FilterChainProxy - Secured GET /user/menu.json
2026-02-08 15:24:57.415 [http-nio-8080-exec-9] DEBUG o.s.security.web.FilterChainProxy - Secured GET /user/menu.json
2026-02-08 15:29:27.593 [http-nio-8080-exec-2] DEBUG o.s.security.web.FilterChainProxy - Securing GET /user/menu.json
2026-02-08 15:29:27.593 [http-nio-8080-exec-1] DEBUG o.s.security.web.FilterChainProxy - Securing GET /user/menu.json
2026-02-08 15:29:27.599 [http-nio-8080-exec-2] DEBUG o.s.security.web.FilterChainProxy - Secured GET /user/menu.json
2026-02-08 15:29:27.599 [http-nio-8080-exec-1] DEBUG o.s.security.web.FilterChainProxy - Secured GET /user/menu.json
2026-02-08 15:31:53.641 [http-nio-8080-exec-3] DEBUG o.s.security.web.FilterChainProxy - Securing GET /user/menu.json
2026-02-08 15:31:53.641 [http-nio-8080-exec-4] DEBUG o.s.security.web.FilterChainProxy - Securing GET /user/menu.json
2026-02-08 15:31:53.656 [http-nio-8080-exec-4] DEBUG o.s.security.web.FilterChainProxy - Secured GET /user/menu.json
2026-02-08 15:31:53.657 [http-nio-8080-exec-3] DEBUG o.s.security.web.FilterChainProxy - Secured GET /user/menu.json
2026-02-08 15:43:18.454 [http-nio-8080-exec-6] DEBUG o.s.security.web.FilterChainProxy - Securing GET /user/menu.json
2026-02-08 15:43:18.459 [http-nio-8080-exec-6] DEBUG o.s.security.web.FilterChainProxy - Secured GET /user/menu.json
2026-02-08 15:43:18.472 [http-nio-8080-exec-5] DEBUG o.s.security.web.FilterChainProxy - Securing GET /user/menu.json
2026-02-08 15:43:18.477 [http-nio-8080-exec-5] DEBUG o.s.security.web.FilterChainProxy - Secured GET /user/menu.json
2026-02-08 15:52:06.625 [http-nio-8080-exec-7] DEBUG o.s.security.web.FilterChainProxy - Securing GET /user/menu.json
2026-02-08 15:52:06.629 [http-nio-8080-exec-7] DEBUG o.s.security.web.FilterChainProxy - Secured GET /user/menu.json
2026-02-08 15:52:06.639 [http-nio-8080-exec-8] DEBUG o.s.security.web.FilterChainProxy - Securing GET /user/menu.json
2026-02-08 15:52:06.642 [http-nio-8080-exec-8] DEBUG o.s.security.web.FilterChainProxy - Secured GET /user/menu.json
2026-02-08 15:52:09.413 [http-nio-8080-exec-9] DEBUG o.s.security.web.FilterChainProxy - Securing GET /user/menu.json
2026-02-08 15:52:09.416 [http-nio-8080-exec-9] DEBUG o.s.security.web.FilterChainProxy - Secured GET /user/menu.json
2026-02-08 15:52:09.422 [http-nio-8080-exec-10] DEBUG o.s.security.web.FilterChainProxy - Securing GET /user/menu.json
2026-02-08 15:52:09.425 [http-nio-8080-exec-10] DEBUG o.s.security.web.FilterChainProxy - Secured GET /user/menu.json
2026-02-08 15:52:09.618 [http-nio-8080-exec-2] DEBUG o.s.security.web.FilterChainProxy - Securing GET /user/menu.json
2026-02-08 15:52:09.622 [http-nio-8080-exec-2] DEBUG o.s.security.web.FilterChainProxy - Secured GET /user/menu.json
2026-02-08 15:52:09.627 [http-nio-8080-exec-1] DEBUG o.s.security.web.FilterChainProxy - Securing GET /user/menu.json
2026-02-08 15:52:09.631 [http-nio-8080-exec-1] DEBUG o.s.security.web.FilterChainProxy - Secured GET /user/menu.json
2026-02-08 15:52:17.846 [http-nio-8080-exec-4] DEBUG o.s.security.web.FilterChainProxy - Securing GET /user/menu.json
2026-02-08 15:52:17.847 [http-nio-8080-exec-3] DEBUG o.s.security.web.FilterChainProxy - Securing GET /user/menu.json
2026-02-08 15:52:17.854 [http-nio-8080-exec-3] DEBUG o.s.security.web.FilterChainProxy - Secured GET /user/menu.json
2026-02-08 15:52:17.854 [http-nio-8080-exec-4] DEBUG o.s.security.web.FilterChainProxy - Secured GET /user/menu.json
2026-02-08 15:53:08.977 [http-nio-8080-exec-6] DEBUG o.s.security.web.FilterChainProxy - Securing GET /user/menu.json
2026-02-08 15:53:08.978 [http-nio-8080-exec-5] DEBUG o.s.security.web.FilterChainProxy - Securing GET /user/menu.json
2026-02-08 15:53:08.982 [http-nio-8080-exec-6] DEBUG o.s.security.web.FilterChainProxy - Secured GET /user/menu.json
2026-02-08 15:53:08.982 [http-nio-8080-exec-5] DEBUG o.s.security.web.FilterChainProxy - Secured GET /user/menu.json
2026-02-08 15:53:45.581 [http-nio-8080-exec-8] DEBUG o.s.security.web.FilterChainProxy - Securing GET /user/menu.json
2026-02-08 15:53:45.581 [http-nio-8080-exec-7] DEBUG o.s.security.web.FilterChainProxy - Securing GET /user/menu.json
2026-02-08 15:53:45.596 [http-nio-8080-exec-7] DEBUG o.s.security.web.FilterChainProxy - Secured GET /user/menu.json
2026-02-08 15:53:45.596 [http-nio-8080-exec-8] DEBUG o.s.security.web.FilterChainProxy - Secured GET /user/menu.json
2026-02-08 15:55:37.749 [http-nio-8080-exec-9] DEBUG o.s.security.web.FilterChainProxy - Securing GET /user/menu.json
2026-02-08 15:55:37.750 [http-nio-8080-exec-10] DEBUG o.s.security.web.FilterChainProxy - Securing GET /user/menu.json
2026-02-08 15:55:37.754 [http-nio-8080-exec-9] DEBUG o.s.security.web.FilterChainProxy - Secured GET /user/menu.json
2026-02-08 15:55:37.755 [http-nio-8080-exec-10] DEBUG o.s.security.web.FilterChainProxy - Secured GET /user/menu.json
2026-02-08 15:57:30.846 [http-nio-8080-exec-2] DEBUG o.s.security.web.FilterChainProxy - Securing GET /user/menu.json
2026-02-08 15:57:30.846 [http-nio-8080-exec-1] DEBUG o.s.security.web.FilterChainProxy - Securing GET /user/menu.json
2026-02-08 15:57:30.859 [http-nio-8080-exec-2] DEBUG o.s.security.web.FilterChainProxy - Secured GET /user/menu.json
2026-02-08 15:57:30.859 [http-nio-8080-exec-1] DEBUG o.s.security.web.FilterChainProxy - Secured GET /user/menu.json
2026-02-08 15:59:03.375 [http-nio-8080-exec-4] DEBUG o.s.security.web.FilterChainProxy - Securing GET /user/menu.json
2026-02-08 15:59:03.376 [http-nio-8080-exec-3] DEBUG o.s.security.web.FilterChainProxy - Securing GET /user/menu.json
2026-02-08 15:59:03.381 [http-nio-8080-exec-4] DEBUG o.s.security.web.FilterChainProxy - Secured GET /user/menu.json
2026-02-08 15:59:03.381 [http-nio-8080-exec-3] DEBUG o.s.security.web.FilterChainProxy - Secured GET /user/menu.json
2026-02-08 16:02:44.257 [http-nio-8080-exec-6] DEBUG o.s.security.web.FilterChainProxy - Securing GET /user/menu.json
2026-02-08 16:02:44.257 [http-nio-8080-exec-5] DEBUG o.s.security.web.FilterChainProxy - Securing GET /user/menu.json
2026-02-08 16:02:44.262 [http-nio-8080-exec-6] DEBUG o.s.security.web.FilterChainProxy - Secured GET /user/menu.json
2026-02-08 16:02:44.262 [http-nio-8080-exec-5] DEBUG o.s.security.web.FilterChainProxy - Secured GET /user/menu.json
2026-02-08 16:04:35.973 [http-nio-8080-exec-7] DEBUG o.s.security.web.FilterChainProxy - Securing GET /user/menu.json
2026-02-08 16:04:35.973 [http-nio-8080-exec-8] DEBUG o.s.security.web.FilterChainProxy - Securing GET /user/menu.json
2026-02-08 16:04:35.977 [http-nio-8080-exec-7] DEBUG o.s.security.web.FilterChainProxy - Secured GET /user/menu.json
2026-02-08 16:04:35.977 [http-nio-8080-exec-8] DEBUG o.s.security.web.FilterChainProxy - Secured GET /user/menu.json
2026-02-08 16:10:27.233 [http-nio-8080-exec-10] DEBUG o.s.security.web.FilterChainProxy - Securing GET /user/menu.json
2026-02-08 16:10:27.238 [http-nio-8080-exec-10] DEBUG o.s.security.web.FilterChainProxy - Secured GET /user/menu.json
2026-02-08 16:22:13.284 [http-nio-8080-exec-9] DEBUG o.s.security.web.FilterChainProxy - Securing GET /user/menu.json
2026-02-08 16:22:13.284 [http-nio-8080-exec-1] DEBUG o.s.security.web.FilterChainProxy - Securing GET /user/menu.json
2026-02-08 16:22:13.293 [http-nio-8080-exec-9] DEBUG o.s.security.web.FilterChainProxy - Secured GET /user/menu.json
2026-02-08 16:22:13.293 [http-nio-8080-exec-1] DEBUG o.s.security.web.FilterChainProxy - Secured GET /user/menu.json
2026-02-08 16:22:47.135 [http-nio-8080-exec-2] DEBUG o.s.security.web.FilterChainProxy - Securing GET /user/menu.json
2026-02-08 16:22:47.139 [http-nio-8080-exec-2] DEBUG o.s.security.web.FilterChainProxy - Secured GET /user/menu.json
2026-02-08 16:22:51.970 [http-nio-8080-exec-4] DEBUG o.s.security.web.FilterChainProxy - Securing GET /user/menu.json
2026-02-08 16:22:51.974 [http-nio-8080-exec-4] DEBUG o.s.security.web.FilterChainProxy - Secured GET /user/menu.json
2026-02-08 16:23:16.897 [http-nio-8080-exec-3] DEBUG o.s.security.web.FilterChainProxy - Securing GET /user/menu.json
2026-02-08 16:23:16.897 [http-nio-8080-exec-6] DEBUG o.s.security.web.FilterChainProxy - Securing GET /user/menu.json
2026-02-08 16:23:16.901 [http-nio-8080-exec-6] DEBUG o.s.security.web.FilterChainProxy - Secured GET /user/menu.json
2026-02-08 16:23:16.901 [http-nio-8080-exec-3] DEBUG o.s.security.web.FilterChainProxy - Secured GET /user/menu.json
2026-02-08 16:23:42.554 [http-nio-8080-exec-5] DEBUG o.s.security.web.FilterChainProxy - Securing GET /user/menu.json
2026-02-08 16:23:42.555 [http-nio-8080-exec-7] DEBUG o.s.security.web.FilterChainProxy - Securing GET /user/menu.json
2026-02-08 16:23:42.558 [http-nio-8080-exec-5] DEBUG o.s.security.web.FilterChainProxy - Secured GET /user/menu.json
2026-02-08 16:23:42.558 [http-nio-8080-exec-7] DEBUG o.s.security.web.FilterChainProxy - Secured GET /user/menu.json
2026-02-08 16:24:05.962 [http-nio-8080-exec-10] DEBUG o.s.security.web.FilterChainProxy - Securing GET /user/menu.json
2026-02-08 16:24:05.962 [http-nio-8080-exec-8] DEBUG o.s.security.web.FilterChainProxy - Securing GET /user/menu.json
2026-02-08 16:24:05.967 [http-nio-8080-exec-8] DEBUG o.s.security.web.FilterChainProxy - Secured GET /user/menu.json
2026-02-08 16:24:05.967 [http-nio-8080-exec-10] DEBUG o.s.security.web.FilterChainProxy - Secured GET /user/menu.json
2026-02-08 16:29:20.887 [http-nio-8080-exec-9] DEBUG o.s.security.web.FilterChainProxy - Securing GET /user/menu.json
2026-02-08 16:29:20.887 [http-nio-8080-exec-1] DEBUG o.s.security.web.FilterChainProxy - Securing GET /user/menu.json
2026-02-08 16:29:20.896 [http-nio-8080-exec-9] DEBUG o.s.security.web.FilterChainProxy - Secured GET /user/menu.json
2026-02-08 16:29:20.896 [http-nio-8080-exec-1] DEBUG o.s.security.web.FilterChainProxy - Secured GET /user/menu.json
2026-02-08 16:29:40.443 [http-nio-8080-exec-2] DEBUG o.s.security.web.FilterChainProxy - Securing GET /user/menu.json
2026-02-08 16:29:40.447 [http-nio-8080-exec-2] DEBUG o.s.security.web.FilterChainProxy - Secured GET /user/menu.json
2026-02-08 16:29:47.903 [http-nio-8080-exec-3] DEBUG o.s.security.web.FilterChainProxy - Securing GET /user/menu.json
2026-02-08 16:29:47.903 [http-nio-8080-exec-4] DEBUG o.s.security.web.FilterChainProxy - Securing GET /user/menu.json
2026-02-08 16:29:47.908 [http-nio-8080-exec-3] DEBUG o.s.security.web.FilterChainProxy - Secured GET /user/menu.json
2026-02-08 16:29:47.908 [http-nio-8080-exec-4] DEBUG o.s.security.web.FilterChainProxy - Secured GET /user/menu.json
2026-02-08 16:31:04.562 [http-nio-8080-exec-6] DEBUG o.s.security.web.FilterChainProxy - Securing GET /user/menu.json
2026-02-08 16:31:04.565 [http-nio-8080-exec-6] DEBUG o.s.security.web.FilterChainProxy - Secured GET /user/menu.json
2026-02-08 16:31:50.433 [http-nio-8080-exec-5] DEBUG o.s.security.web.FilterChainProxy - Securing GET /user/menu.json
2026-02-08 16:31:50.434 [http-nio-8080-exec-7] DEBUG o.s.security.web.FilterChainProxy - Securing GET /user/menu.json
2026-02-08 16:31:50.436 [http-nio-8080-exec-7] DEBUG o.s.security.web.FilterChainProxy - Secured GET /user/menu.json
2026-02-08 16:31:50.436 [http-nio-8080-exec-5] DEBUG o.s.security.web.FilterChainProxy - Secured GET /user/menu.json
2026-02-08 16:32:05.019 [http-nio-8080-exec-8] DEBUG o.s.security.web.FilterChainProxy - Securing GET /user/menu.json
2026-02-08 16:32:05.019 [http-nio-8080-exec-10] DEBUG o.s.security.web.FilterChainProxy - Securing GET /user/menu.json
2026-02-08 16:32:05.035 [http-nio-8080-exec-10] DEBUG o.s.security.web.FilterChainProxy - Secured GET /user/menu.json
2026-02-08 16:32:05.035 [http-nio-8080-exec-8] DEBUG o.s.security.web.FilterChainProxy - Secured GET /user/menu.json
2026-02-08 16:33:33.213 [http-nio-8080-exec-1] DEBUG o.s.security.web.FilterChainProxy - Securing GET /user/menu.json
2026-02-08 16:33:33.214 [http-nio-8080-exec-9] DEBUG o.s.security.web.FilterChainProxy - Securing GET /user/menu.json
2026-02-08 16:33:33.217 [http-nio-8080-exec-1] DEBUG o.s.security.web.FilterChainProxy - Secured GET /user/menu.json
2026-02-08 16:33:33.218 [http-nio-8080-exec-9] DEBUG o.s.security.web.FilterChainProxy - Secured GET /user/menu.json
2026-02-08 16:33:36.561 [http-nio-8080-exec-2] DEBUG o.s.security.web.FilterChainProxy - Securing POST /login/pwd.json
2026-02-08 16:33:36.583 [http-nio-8080-exec-2] DEBUG o.s.security.web.FilterChainProxy - Secured POST /login/pwd.json
2026-02-08 16:33:36.776 [http-nio-8080-exec-2] DEBUG o.s.s.a.d.DaoAuthenticationProvider - Authenticated user
2026-02-08 16:33:36.839 [http-nio-8080-exec-4] DEBUG o.s.security.web.FilterChainProxy - Securing GET /user/menu.json
2026-02-08 16:33:36.840 [http-nio-8080-exec-3] DEBUG o.s.security.web.FilterChainProxy - Securing GET /user/menu.json
2026-02-08 16:33:36.844 [http-nio-8080-exec-3] DEBUG o.s.security.web.FilterChainProxy - Secured GET /user/menu.json
2026-02-08 16:33:36.844 [http-nio-8080-exec-4] DEBUG o.s.security.web.FilterChainProxy - Secured GET /user/menu.json
2026-02-08 16:33:39.259 [http-nio-8080-exec-7] DEBUG o.s.security.web.FilterChainProxy - Securing GET /user/menu.json
2026-02-08 16:33:39.259 [http-nio-8080-exec-6] DEBUG o.s.security.web.FilterChainProxy - Securing GET /user/menu.json
2026-02-08 16:33:39.264 [http-nio-8080-exec-7] DEBUG o.s.security.web.FilterChainProxy - Secured GET /user/menu.json
2026-02-08 16:33:39.264 [http-nio-8080-exec-6] DEBUG o.s.security.web.FilterChainProxy - Secured GET /user/menu.json
2026-02-08 16:33:50.497 [http-nio-8080-exec-5] DEBUG o.s.security.web.FilterChainProxy - Securing GET /user/menu.json
2026-02-08 16:33:50.501 [http-nio-8080-exec-5] DEBUG o.s.security.web.FilterChainProxy - Secured GET /user/menu.json
2026-02-08 16:34:09.867 [http-nio-8080-exec-8] DEBUG o.s.security.web.FilterChainProxy - Securing GET /user/menu.json
2026-02-08 16:34:09.869 [http-nio-8080-exec-8] DEBUG o.s.security.web.FilterChainProxy - Secured GET /user/menu.json
2026-02-08 16:34:12.718 [http-nio-8080-exec-10] DEBUG o.s.security.web.FilterChainProxy - Securing GET /user/menu.json
2026-02-08 16:34:12.719 [http-nio-8080-exec-9] DEBUG o.s.security.web.FilterChainProxy - Securing GET /user/menu.json
2026-02-08 16:34:12.723 [http-nio-8080-exec-10] DEBUG o.s.security.web.FilterChainProxy - Secured GET /user/menu.json
2026-02-08 16:34:12.723 [http-nio-8080-exec-9] DEBUG o.s.security.web.FilterChainProxy - Secured GET /user/menu.json
2026-02-08 16:34:15.013 [http-nio-8080-exec-1] DEBUG o.s.security.web.FilterChainProxy - Securing GET /user/menu.json
2026-02-08 16:34:15.017 [http-nio-8080-exec-1] DEBUG o.s.security.web.FilterChainProxy - Secured GET /user/menu.json
2026-02-08 16:34:52.881 [http-nio-8080-exec-2] DEBUG o.s.security.web.FilterChainProxy - Securing GET /user/menu.json
2026-02-08 16:34:52.881 [http-nio-8080-exec-3] DEBUG o.s.security.web.FilterChainProxy - Securing GET /user/menu.json
2026-02-08 16:34:52.884 [http-nio-8080-exec-2] DEBUG o.s.security.web.FilterChainProxy - Secured GET /user/menu.json
2026-02-08 16:34:52.884 [http-nio-8080-exec-3] DEBUG o.s.security.web.FilterChainProxy - Secured GET /user/menu.json
2026-02-08 16:34:58.557 [http-nio-8080-exec-4] DEBUG o.s.security.web.FilterChainProxy - Securing GET /user/menu.json
2026-02-08 16:34:58.557 [http-nio-8080-exec-7] DEBUG o.s.security.web.FilterChainProxy - Securing GET /user/menu.json
2026-02-08 16:34:58.559 [http-nio-8080-exec-7] DEBUG o.s.security.web.FilterChainProxy - Secured GET /user/menu.json
2026-02-08 16:34:58.559 [http-nio-8080-exec-4] DEBUG o.s.security.web.FilterChainProxy - Secured GET /user/menu.json
2026-02-08 16:37:07.468 [http-nio-8080-exec-6] DEBUG o.s.security.web.FilterChainProxy - Securing GET /user/menu.json
2026-02-08 16:37:07.470 [http-nio-8080-exec-5] DEBUG o.s.security.web.FilterChainProxy - Securing GET /user/menu.json
2026-02-08 16:37:07.483 [http-nio-8080-exec-6] DEBUG o.s.security.web.FilterChainProxy - Secured GET /user/menu.json
2026-02-08 16:37:07.483 [http-nio-8080-exec-5] DEBUG o.s.security.web.FilterChainProxy - Secured GET /user/menu.json
2026-02-08 16:37:12.933 [http-nio-8080-exec-8] DEBUG o.s.security.web.FilterChainProxy - Securing GET /user/menu.json
2026-02-08 16:37:12.933 [http-nio-8080-exec-10] DEBUG o.s.security.web.FilterChainProxy - Securing GET /user/menu.json
2026-02-08 16:37:12.937 [http-nio-8080-exec-8] DEBUG o.s.security.web.FilterChainProxy - Secured GET /user/menu.json
2026-02-08 16:37:12.937 [http-nio-8080-exec-10] DEBUG o.s.security.web.FilterChainProxy - Secured GET /user/menu.json
2026-02-08 16:37:19.095 [http-nio-8080-exec-9] DEBUG o.s.security.web.FilterChainProxy - Securing GET /user/menu.json
2026-02-08 16:37:19.095 [http-nio-8080-exec-1] DEBUG o.s.security.web.FilterChainProxy - Securing GET /user/menu.json
2026-02-08 16:37:19.099 [http-nio-8080-exec-9] DEBUG o.s.security.web.FilterChainProxy - Secured GET /user/menu.json
2026-02-08 16:37:19.099 [http-nio-8080-exec-1] DEBUG o.s.security.web.FilterChainProxy - Secured GET /user/menu.json
2026-02-08 16:37:29.864 [http-nio-8080-exec-2] DEBUG o.s.security.web.FilterChainProxy - Securing GET /user/menu.json
2026-02-08 16:37:29.865 [http-nio-8080-exec-3] DEBUG o.s.security.web.FilterChainProxy - Securing GET /user/menu.json
2026-02-08 16:37:29.867 [http-nio-8080-exec-2] DEBUG o.s.security.web.FilterChainProxy - Secured GET /user/menu.json
2026-02-08 16:37:29.868 [http-nio-8080-exec-3] DEBUG o.s.security.web.FilterChainProxy - Secured GET /user/menu.json
2026-02-08 16:37:40.398 [http-nio-8080-exec-7] DEBUG o.s.security.web.FilterChainProxy - Securing GET /user/menu.json
2026-02-08 16:37:40.398 [http-nio-8080-exec-4] DEBUG o.s.security.web.FilterChainProxy - Securing GET /user/menu.json
2026-02-08 16:37:40.402 [http-nio-8080-exec-4] DEBUG o.s.security.web.FilterChainProxy - Secured GET /user/menu.json
2026-02-08 16:37:40.402 [http-nio-8080-exec-7] DEBUG o.s.security.web.FilterChainProxy - Secured GET /user/menu.json
2026-02-08 16:39:31.302 [SpringApplicationShutdownHook] INFO  o.s.b.w.e.tomcat.GracefulShutdown - Commencing graceful shutdown. Waiting for active requests to complete
2026-02-08 16:39:31.566 [tomcat-shutdown] INFO  o.s.b.w.e.tomcat.GracefulShutdown - Graceful shutdown complete
2026-02-08 16:39:31.577 [SpringApplicationShutdownHook] INFO  c.alibaba.druid.pool.DruidDataSource - {dataSource-1} closing ...
2026-02-08 16:39:31.579 [SpringApplicationShutdownHook] INFO  c.alibaba.druid.pool.DruidDataSource - {dataSource-1} closed
