2026-02-01 16:06:16.146 [background-preinit] INFO  o.h.validator.internal.util.Version - HV000001: Hibernate Validator 8.0.3.Final
2026-02-01 16:06:16.175 [main] INFO  c.c.c.CodingPlatformApplication - Starting CodingPlatformApplication using Java 17.0.12 with PID 23900 (F:\my-github\coding-platform\coding-platform-web\target\classes started by Caigh in F:\my-github\coding-platform\coding-platform-web)
2026-02-01 16:06:16.176 [main] INFO  c.c.c.CodingPlatformApplication - No active profile set, falling back to 1 default profile: "default"
2026-02-01 16:06:16.777 [main] INFO  o.s.d.r.c.RepositoryConfigurationDelegate - Multiple Spring Data modules found, entering strict repository configuration mode
2026-02-01 16:06:16.778 [main] INFO  o.s.d.r.c.RepositoryConfigurationDelegate - Bootstrapping Spring Data Redis repositories in DEFAULT mode.
2026-02-01 16:06:16.802 [main] INFO  o.s.d.r.c.RepositoryConfigurationDelegate - Finished Spring Data repository scanning in 10 ms. Found 0 Redis repository interfaces.
2026-02-01 16:06:16.915 [main] DEBUG o.m.s.mapper.ClassPathMapperScanner - Identified candidate component class: file [F:\my-github\coding-platform\coding-platform-web\target\classes\cn\caigh\coding_platform\dao\UserDao.class]
2026-02-01 16:06:16.916 [main] DEBUG o.m.s.mapper.ClassPathMapperScanner - Creating MapperFactoryBean with name 'userDao' and 'cn.caigh.coding_platform.dao.UserDao' mapperInterface
2026-02-01 16:06:16.918 [main] DEBUG o.m.s.mapper.ClassPathMapperScanner - Enabling autowire by type for MapperFactoryBean with name 'userDao'.
2026-02-01 16:06:17.452 [main] INFO  o.s.b.w.e.tomcat.TomcatWebServer - Tomcat initialized with port 8080 (http)
2026-02-01 16:06:17.458 [main] INFO  o.a.coyote.http11.Http11NioProtocol - Initializing ProtocolHandler ["http-nio-8080"]
2026-02-01 16:06:17.460 [main] INFO  o.a.catalina.core.StandardService - Starting service [Tomcat]
2026-02-01 16:06:17.460 [main] INFO  o.a.catalina.core.StandardEngine - Starting Servlet engine: [Apache Tomcat/10.1.50]
2026-02-01 16:06:17.497 [main] INFO  o.a.c.c.C.[.[localhost].[/api] - Initializing Spring embedded WebApplicationContext
2026-02-01 16:06:17.497 [main] INFO  o.s.b.w.s.c.ServletWebServerApplicationContext - Root WebApplicationContext: initialization completed in 1285 ms
2026-02-01 16:06:17.948 [main] DEBUG o.m.spring.SqlSessionFactoryBean - Property 'mapperLocations' was not specified.
2026-02-01 16:06:18.186 [main] INFO  o.s.s.c.a.a.c.InitializeUserDetailsBeanManagerConfigurer$InitializeUserDetailsManagerConfigurer - Global AuthenticationManager configured with UserDetailsService bean with name userDetailsServiceImpl
2026-02-01 16:06:18.328 [main] DEBUG o.s.s.web.DefaultSecurityFilterChain - Will secure any request with filters: DisableEncodeUrlFilter, WebAsyncManagerIntegrationFilter, SecurityContextHolderFilter, HeaderWriterFilter, CorsFilter, LogoutFilter, RequestCacheAwareFilter, SecurityContextHolderAwareRequestFilter, AnonymousAuthenticationFilter, SessionManagementFilter, ExceptionTranslationFilter, AuthorizationFilter
2026-02-01 16:06:18.706 [main] INFO  o.a.coyote.http11.Http11NioProtocol - Starting ProtocolHandler ["http-nio-8080"]
2026-02-01 16:06:18.728 [main] INFO  o.s.b.w.e.tomcat.TomcatWebServer - Tomcat started on port 8080 (http) with context path '/api'
2026-02-01 16:06:18.738 [main] INFO  c.c.c.CodingPlatformApplication - Started CodingPlatformApplication in 2.79 seconds (process running for 3.085)
2026-02-01 16:06:26.879 [http-nio-8080-exec-2] INFO  o.a.c.c.C.[.[localhost].[/api] - Initializing Spring DispatcherServlet 'dispatcherServlet'
2026-02-01 16:06:26.880 [http-nio-8080-exec-2] INFO  o.s.web.servlet.DispatcherServlet - Initializing Servlet 'dispatcherServlet'
2026-02-01 16:06:26.880 [http-nio-8080-exec-2] INFO  o.s.web.servlet.DispatcherServlet - Completed initialization in 0 ms
2026-02-01 16:06:26.896 [http-nio-8080-exec-2] DEBUG o.s.security.web.FilterChainProxy - Securing POST /login/pwd.json
2026-02-01 16:06:26.901 [http-nio-8080-exec-2] DEBUG o.s.s.w.a.AnonymousAuthenticationFilter - Set SecurityContextHolder to anonymous SecurityContext
2026-02-01 16:06:26.902 [http-nio-8080-exec-2] DEBUG o.s.security.web.FilterChainProxy - Secured POST /login/pwd.json
2026-02-01 16:06:27.041 [http-nio-8080-exec-2] INFO  c.alibaba.druid.pool.DruidDataSource - {dataSource-1} inited
2026-02-01 16:06:27.214 [http-nio-8080-exec-2] DEBUG o.s.s.a.d.DaoAuthenticationProvider - Authenticated user
2026-02-01 16:08:42.876 [SpringApplicationShutdownHook] INFO  o.s.b.w.e.tomcat.GracefulShutdown - Commencing graceful shutdown. Waiting for active requests to complete
2026-02-01 16:08:43.142 [tomcat-shutdown] INFO  o.s.b.w.e.tomcat.GracefulShutdown - Graceful shutdown complete
2026-02-01 16:08:43.151 [SpringApplicationShutdownHook] INFO  c.alibaba.druid.pool.DruidDataSource - {dataSource-1} closing ...
2026-02-01 16:08:43.154 [SpringApplicationShutdownHook] INFO  c.alibaba.druid.pool.DruidDataSource - {dataSource-1} closed
2026-02-01 16:08:45.490 [background-preinit] INFO  o.h.validator.internal.util.Version - HV000001: Hibernate Validator 8.0.3.Final
2026-02-01 16:08:45.520 [main] INFO  c.c.c.CodingPlatformApplication - Starting CodingPlatformApplication using Java 17.0.12 with PID 19928 (F:\my-github\coding-platform\coding-platform-web\target\classes started by Caigh in F:\my-github\coding-platform\coding-platform-web)
2026-02-01 16:08:45.521 [main] INFO  c.c.c.CodingPlatformApplication - No active profile set, falling back to 1 default profile: "default"
2026-02-01 16:08:46.118 [main] INFO  o.s.d.r.c.RepositoryConfigurationDelegate - Multiple Spring Data modules found, entering strict repository configuration mode
2026-02-01 16:08:46.120 [main] INFO  o.s.d.r.c.RepositoryConfigurationDelegate - Bootstrapping Spring Data Redis repositories in DEFAULT mode.
2026-02-01 16:08:46.143 [main] INFO  o.s.d.r.c.RepositoryConfigurationDelegate - Finished Spring Data repository scanning in 11 ms. Found 0 Redis repository interfaces.
2026-02-01 16:08:46.259 [main] DEBUG o.m.s.mapper.ClassPathMapperScanner - Identified candidate component class: file [F:\my-github\coding-platform\coding-platform-web\target\classes\cn\caigh\coding_platform\dao\UserDao.class]
2026-02-01 16:08:46.260 [main] DEBUG o.m.s.mapper.ClassPathMapperScanner - Creating MapperFactoryBean with name 'userDao' and 'cn.caigh.coding_platform.dao.UserDao' mapperInterface
2026-02-01 16:08:46.260 [main] DEBUG o.m.s.mapper.ClassPathMapperScanner - Enabling autowire by type for MapperFactoryBean with name 'userDao'.
2026-02-01 16:08:46.944 [main] INFO  o.s.b.w.e.tomcat.TomcatWebServer - Tomcat initialized with port 8080 (http)
2026-02-01 16:08:46.952 [main] INFO  o.a.coyote.http11.Http11NioProtocol - Initializing ProtocolHandler ["http-nio-8080"]
2026-02-01 16:08:46.953 [main] INFO  o.a.catalina.core.StandardService - Starting service [Tomcat]
2026-02-01 16:08:46.954 [main] INFO  o.a.catalina.core.StandardEngine - Starting Servlet engine: [Apache Tomcat/10.1.50]
2026-02-01 16:08:46.994 [main] INFO  o.a.c.c.C.[.[localhost].[/api] - Initializing Spring embedded WebApplicationContext
2026-02-01 16:08:46.994 [main] INFO  o.s.b.w.s.c.ServletWebServerApplicationContext - Root WebApplicationContext: initialization completed in 1434 ms
2026-02-01 16:08:47.624 [main] DEBUG o.m.spring.SqlSessionFactoryBean - Property 'mapperLocations' was not specified.
2026-02-01 16:08:48.064 [main] INFO  o.s.s.c.a.a.c.InitializeUserDetailsBeanManagerConfigurer$InitializeUserDetailsManagerConfigurer - Global AuthenticationManager configured with UserDetailsService bean with name userDetailsServiceImpl
2026-02-01 16:08:48.233 [main] DEBUG o.s.s.web.DefaultSecurityFilterChain - Will secure any request with filters: DisableEncodeUrlFilter, WebAsyncManagerIntegrationFilter, SecurityContextHolderFilter, HeaderWriterFilter, CorsFilter, LogoutFilter, RequestCacheAwareFilter, SecurityContextHolderAwareRequestFilter, AnonymousAuthenticationFilter, SessionManagementFilter, ExceptionTranslationFilter, AuthorizationFilter
2026-02-01 16:08:48.960 [main] INFO  o.a.coyote.http11.Http11NioProtocol - Starting ProtocolHandler ["http-nio-8080"]
2026-02-01 16:08:48.997 [main] INFO  o.s.b.w.e.tomcat.TomcatWebServer - Tomcat started on port 8080 (http) with context path '/api'
2026-02-01 16:08:49.008 [main] INFO  c.c.c.CodingPlatformApplication - Started CodingPlatformApplication in 3.735 seconds (process running for 4.038)
2026-02-01 16:09:25.990 [http-nio-8080-exec-1] INFO  o.a.c.c.C.[.[localhost].[/api] - Initializing Spring DispatcherServlet 'dispatcherServlet'
2026-02-01 16:09:25.990 [http-nio-8080-exec-1] INFO  o.s.web.servlet.DispatcherServlet - Initializing Servlet 'dispatcherServlet'
2026-02-01 16:09:25.991 [http-nio-8080-exec-1] INFO  o.s.web.servlet.DispatcherServlet - Completed initialization in 1 ms
2026-02-01 16:09:26.005 [http-nio-8080-exec-1] DEBUG o.s.security.web.FilterChainProxy - Securing POST /login/pwd.json
2026-02-01 16:09:26.009 [http-nio-8080-exec-1] DEBUG o.s.s.w.a.AnonymousAuthenticationFilter - Set SecurityContextHolder to anonymous SecurityContext
2026-02-01 16:09:26.010 [http-nio-8080-exec-1] DEBUG o.s.security.web.FilterChainProxy - Secured POST /login/pwd.json
2026-02-01 16:09:26.154 [http-nio-8080-exec-1] INFO  c.alibaba.druid.pool.DruidDataSource - {dataSource-1} inited
2026-02-01 16:09:26.325 [http-nio-8080-exec-1] DEBUG o.s.s.a.d.DaoAuthenticationProvider - Authenticated user
2026-02-01 16:13:29.209 [SpringApplicationShutdownHook] INFO  o.s.b.w.e.tomcat.GracefulShutdown - Commencing graceful shutdown. Waiting for active requests to complete
2026-02-01 16:13:29.472 [tomcat-shutdown] INFO  o.s.b.w.e.tomcat.GracefulShutdown - Graceful shutdown complete
2026-02-01 16:13:29.481 [SpringApplicationShutdownHook] INFO  c.alibaba.druid.pool.DruidDataSource - {dataSource-1} closing ...
2026-02-01 16:13:29.484 [SpringApplicationShutdownHook] INFO  c.alibaba.druid.pool.DruidDataSource - {dataSource-1} closed
2026-02-01 18:29:49.326 [background-preinit] INFO  o.h.validator.internal.util.Version - HV000001: Hibernate Validator 8.0.3.Final
2026-02-01 18:29:49.366 [main] INFO  c.c.c.CodingPlatformApplication - Starting CodingPlatformApplication using Java 17.0.12 with PID 10120 (F:\my-github\coding-platform\coding-platform-web\target\classes started by Caigh in F:\my-github\coding-platform\coding-platform-web)
2026-02-01 18:29:49.366 [main] INFO  c.c.c.CodingPlatformApplication - No active profile set, falling back to 1 default profile: "default"
2026-02-01 18:29:49.999 [main] INFO  o.s.d.r.c.RepositoryConfigurationDelegate - Multiple Spring Data modules found, entering strict repository configuration mode
2026-02-01 18:29:50.001 [main] INFO  o.s.d.r.c.RepositoryConfigurationDelegate - Bootstrapping Spring Data Redis repositories in DEFAULT mode.
2026-02-01 18:29:50.029 [main] INFO  o.s.d.r.c.RepositoryConfigurationDelegate - Finished Spring Data repository scanning in 12 ms. Found 0 Redis repository interfaces.
2026-02-01 18:29:50.120 [main] DEBUG o.m.s.mapper.ClassPathMapperScanner - Identified candidate component class: file [F:\my-github\coding-platform\coding-platform-web\target\classes\cn\caigh\coding_platform\dao\UserDao.class]
2026-02-01 18:29:50.122 [main] DEBUG o.m.s.mapper.ClassPathMapperScanner - Creating MapperFactoryBean with name 'userDao' and 'cn.caigh.coding_platform.dao.UserDao' mapperInterface
2026-02-01 18:29:50.124 [main] DEBUG o.m.s.mapper.ClassPathMapperScanner - Enabling autowire by type for MapperFactoryBean with name 'userDao'.
2026-02-01 18:29:50.784 [main] INFO  o.s.b.w.e.tomcat.TomcatWebServer - Tomcat initialized with port 8080 (http)
2026-02-01 18:29:50.791 [main] INFO  o.a.coyote.http11.Http11NioProtocol - Initializing ProtocolHandler ["http-nio-8080"]
2026-02-01 18:29:50.793 [main] INFO  o.a.catalina.core.StandardService - Starting service [Tomcat]
2026-02-01 18:29:50.793 [main] INFO  o.a.catalina.core.StandardEngine - Starting Servlet engine: [Apache Tomcat/10.1.50]
2026-02-01 18:29:50.839 [main] INFO  o.a.c.c.C.[.[localhost].[/api] - Initializing Spring embedded WebApplicationContext
2026-02-01 18:29:50.840 [main] INFO  o.s.b.w.s.c.ServletWebServerApplicationContext - Root WebApplicationContext: initialization completed in 1438 ms
2026-02-01 18:29:51.473 [main] DEBUG o.m.spring.SqlSessionFactoryBean - Property 'mapperLocations' was not specified.
2026-02-01 18:29:51.888 [main] INFO  o.s.s.c.a.a.c.InitializeUserDetailsBeanManagerConfigurer$InitializeUserDetailsManagerConfigurer - Global AuthenticationManager configured with UserDetailsService bean with name userDetailsServiceImpl
2026-02-01 18:29:52.085 [main] DEBUG o.s.s.web.DefaultSecurityFilterChain - Will secure any request with filters: DisableEncodeUrlFilter, WebAsyncManagerIntegrationFilter, SecurityContextHolderFilter, HeaderWriterFilter, CorsFilter, LogoutFilter, RequestCacheAwareFilter, SecurityContextHolderAwareRequestFilter, AnonymousAuthenticationFilter, SessionManagementFilter, ExceptionTranslationFilter, AuthorizationFilter
2026-02-01 18:29:52.872 [main] INFO  o.a.coyote.http11.Http11NioProtocol - Starting ProtocolHandler ["http-nio-8080"]
2026-02-01 18:29:52.910 [main] INFO  o.s.b.w.e.tomcat.TomcatWebServer - Tomcat started on port 8080 (http) with context path '/api'
2026-02-01 18:29:52.919 [main] INFO  c.c.c.CodingPlatformApplication - Started CodingPlatformApplication in 3.822 seconds (process running for 4.159)
2026-02-01 18:29:55.778 [http-nio-8080-exec-1] INFO  o.a.c.c.C.[.[localhost].[/api] - Initializing Spring DispatcherServlet 'dispatcherServlet'
2026-02-01 18:29:55.778 [http-nio-8080-exec-1] INFO  o.s.web.servlet.DispatcherServlet - Initializing Servlet 'dispatcherServlet'
2026-02-01 18:29:55.779 [http-nio-8080-exec-1] INFO  o.s.web.servlet.DispatcherServlet - Completed initialization in 1 ms
2026-02-01 18:29:55.792 [http-nio-8080-exec-1] DEBUG o.s.security.web.FilterChainProxy - Securing POST /login/pwd.json
2026-02-01 18:29:55.796 [http-nio-8080-exec-1] DEBUG o.s.s.w.a.AnonymousAuthenticationFilter - Set SecurityContextHolder to anonymous SecurityContext
2026-02-01 18:29:55.797 [http-nio-8080-exec-1] DEBUG o.s.security.web.FilterChainProxy - Secured POST /login/pwd.json
2026-02-01 18:29:55.946 [http-nio-8080-exec-1] INFO  c.alibaba.druid.pool.DruidDataSource - {dataSource-1} inited
2026-02-01 18:29:56.131 [http-nio-8080-exec-1] DEBUG o.s.s.a.d.DaoAuthenticationProvider - Failed to find user '18379908175'
2026-02-01 18:29:56.133 [http-nio-8080-exec-1] DEBUG o.s.s.authentication.ProviderManager - Authentication failed with provider DaoAuthenticationProvider since 用户名或密码错误
2026-02-01 18:30:39.389 [SpringApplicationShutdownHook] INFO  o.s.b.w.e.tomcat.GracefulShutdown - Commencing graceful shutdown. Waiting for active requests to complete
2026-02-01 18:30:39.657 [tomcat-shutdown] INFO  o.s.b.w.e.tomcat.GracefulShutdown - Graceful shutdown complete
2026-02-01 18:30:39.676 [SpringApplicationShutdownHook] INFO  c.alibaba.druid.pool.DruidDataSource - {dataSource-1} closing ...
2026-02-01 18:30:39.678 [SpringApplicationShutdownHook] INFO  c.alibaba.druid.pool.DruidDataSource - {dataSource-1} closed
2026-02-01 18:30:40.907 [background-preinit] INFO  o.h.validator.internal.util.Version - HV000001: Hibernate Validator 8.0.3.Final
2026-02-01 18:30:40.938 [main] INFO  c.c.c.CodingPlatformApplication - Starting CodingPlatformApplication using Java 17.0.12 with PID 28664 (F:\my-github\coding-platform\coding-platform-web\target\classes started by Caigh in F:\my-github\coding-platform\coding-platform-web)
2026-02-01 18:30:40.939 [main] INFO  c.c.c.CodingPlatformApplication - No active profile set, falling back to 1 default profile: "default"
2026-02-01 18:30:41.540 [main] INFO  o.s.d.r.c.RepositoryConfigurationDelegate - Multiple Spring Data modules found, entering strict repository configuration mode
2026-02-01 18:30:41.542 [main] INFO  o.s.d.r.c.RepositoryConfigurationDelegate - Bootstrapping Spring Data Redis repositories in DEFAULT mode.
2026-02-01 18:30:41.570 [main] INFO  o.s.d.r.c.RepositoryConfigurationDelegate - Finished Spring Data repository scanning in 10 ms. Found 0 Redis repository interfaces.
2026-02-01 18:30:41.669 [main] DEBUG o.m.s.mapper.ClassPathMapperScanner - Identified candidate component class: file [F:\my-github\coding-platform\coding-platform-web\target\classes\cn\caigh\coding_platform\dao\UserDao.class]
2026-02-01 18:30:41.670 [main] DEBUG o.m.s.mapper.ClassPathMapperScanner - Creating MapperFactoryBean with name 'userDao' and 'cn.caigh.coding_platform.dao.UserDao' mapperInterface
2026-02-01 18:30:41.672 [main] DEBUG o.m.s.mapper.ClassPathMapperScanner - Enabling autowire by type for MapperFactoryBean with name 'userDao'.
2026-02-01 18:30:42.307 [main] INFO  o.s.b.w.e.tomcat.TomcatWebServer - Tomcat initialized with port 8080 (http)
2026-02-01 18:30:42.327 [main] INFO  o.a.coyote.http11.Http11NioProtocol - Initializing ProtocolHandler ["http-nio-8080"]
2026-02-01 18:30:42.329 [main] INFO  o.a.catalina.core.StandardService - Starting service [Tomcat]
2026-02-01 18:30:42.329 [main] INFO  o.a.catalina.core.StandardEngine - Starting Servlet engine: [Apache Tomcat/10.1.50]
2026-02-01 18:30:42.383 [main] INFO  o.a.c.c.C.[.[localhost].[/api] - Initializing Spring embedded WebApplicationContext
2026-02-01 18:30:42.383 [main] INFO  o.s.b.w.s.c.ServletWebServerApplicationContext - Root WebApplicationContext: initialization completed in 1409 ms
2026-02-01 18:30:43.000 [main] DEBUG o.m.spring.SqlSessionFactoryBean - Property 'mapperLocations' was not specified.
2026-02-01 18:30:43.418 [main] INFO  o.s.s.c.a.a.c.InitializeUserDetailsBeanManagerConfigurer$InitializeUserDetailsManagerConfigurer - Global AuthenticationManager configured with UserDetailsService bean with name userDetailsServiceImpl
2026-02-01 18:30:43.585 [main] DEBUG o.s.s.web.DefaultSecurityFilterChain - Will secure any request with filters: DisableEncodeUrlFilter, WebAsyncManagerIntegrationFilter, SecurityContextHolderFilter, HeaderWriterFilter, CorsFilter, LogoutFilter, RequestCacheAwareFilter, SecurityContextHolderAwareRequestFilter, AnonymousAuthenticationFilter, SessionManagementFilter, ExceptionTranslationFilter, AuthorizationFilter
2026-02-01 18:30:44.362 [main] INFO  o.a.coyote.http11.Http11NioProtocol - Starting ProtocolHandler ["http-nio-8080"]
2026-02-01 18:30:44.397 [main] INFO  o.s.b.w.e.tomcat.TomcatWebServer - Tomcat started on port 8080 (http) with context path '/api'
2026-02-01 18:30:44.409 [main] INFO  c.c.c.CodingPlatformApplication - Started CodingPlatformApplication in 3.723 seconds (process running for 4.057)
2026-02-01 18:30:50.739 [http-nio-8080-exec-1] INFO  o.a.c.c.C.[.[localhost].[/api] - Initializing Spring DispatcherServlet 'dispatcherServlet'
2026-02-01 18:30:50.739 [http-nio-8080-exec-1] INFO  o.s.web.servlet.DispatcherServlet - Initializing Servlet 'dispatcherServlet'
2026-02-01 18:30:50.739 [http-nio-8080-exec-1] INFO  o.s.web.servlet.DispatcherServlet - Completed initialization in 0 ms
2026-02-01 18:30:50.752 [http-nio-8080-exec-1] DEBUG o.s.security.web.FilterChainProxy - Securing POST /login/pwd.json
2026-02-01 18:30:50.758 [http-nio-8080-exec-1] DEBUG o.s.s.w.a.AnonymousAuthenticationFilter - Set SecurityContextHolder to anonymous SecurityContext
2026-02-01 18:30:50.760 [http-nio-8080-exec-1] DEBUG o.s.security.web.FilterChainProxy - Secured POST /login/pwd.json
2026-02-01 18:30:50.910 [http-nio-8080-exec-1] INFO  c.alibaba.druid.pool.DruidDataSource - {dataSource-1} inited
2026-02-01 18:30:51.083 [http-nio-8080-exec-1] DEBUG o.s.s.a.d.DaoAuthenticationProvider - Failed to find user '18379908175'
2026-02-01 18:30:51.085 [http-nio-8080-exec-1] DEBUG o.s.s.authentication.ProviderManager - Authentication failed with provider DaoAuthenticationProvider since 用户名或密码错误
2026-02-01 18:31:26.567 [SpringApplicationShutdownHook] INFO  o.s.b.w.e.tomcat.GracefulShutdown - Commencing graceful shutdown. Waiting for active requests to complete
2026-02-01 18:31:26.837 [tomcat-shutdown] INFO  o.s.b.w.e.tomcat.GracefulShutdown - Graceful shutdown complete
2026-02-01 18:31:26.846 [SpringApplicationShutdownHook] INFO  c.alibaba.druid.pool.DruidDataSource - {dataSource-1} closing ...
2026-02-01 18:31:26.849 [SpringApplicationShutdownHook] INFO  c.alibaba.druid.pool.DruidDataSource - {dataSource-1} closed
2026-02-01 18:31:28.678 [background-preinit] INFO  o.h.validator.internal.util.Version - HV000001: Hibernate Validator 8.0.3.Final
2026-02-01 18:31:28.708 [main] INFO  c.c.c.CodingPlatformApplication - Starting CodingPlatformApplication using Java 17.0.12 with PID 29688 (F:\my-github\coding-platform\coding-platform-web\target\classes started by Caigh in F:\my-github\coding-platform\coding-platform-web)
2026-02-01 18:31:28.709 [main] INFO  c.c.c.CodingPlatformApplication - No active profile set, falling back to 1 default profile: "default"
2026-02-01 18:31:29.287 [main] INFO  o.s.d.r.c.RepositoryConfigurationDelegate - Multiple Spring Data modules found, entering strict repository configuration mode
2026-02-01 18:31:29.289 [main] INFO  o.s.d.r.c.RepositoryConfigurationDelegate - Bootstrapping Spring Data Redis repositories in DEFAULT mode.
2026-02-01 18:31:29.312 [main] INFO  o.s.d.r.c.RepositoryConfigurationDelegate - Finished Spring Data repository scanning in 9 ms. Found 0 Redis repository interfaces.
2026-02-01 18:31:29.411 [main] DEBUG o.m.s.mapper.ClassPathMapperScanner - Identified candidate component class: file [F:\my-github\coding-platform\coding-platform-web\target\classes\cn\caigh\coding_platform\dao\UserDao.class]
2026-02-01 18:31:29.412 [main] DEBUG o.m.s.mapper.ClassPathMapperScanner - Creating MapperFactoryBean with name 'userDao' and 'cn.caigh.coding_platform.dao.UserDao' mapperInterface
2026-02-01 18:31:29.414 [main] DEBUG o.m.s.mapper.ClassPathMapperScanner - Enabling autowire by type for MapperFactoryBean with name 'userDao'.
2026-02-01 18:31:30.038 [main] INFO  o.s.b.w.e.tomcat.TomcatWebServer - Tomcat initialized with port 8080 (http)
2026-02-01 18:31:30.051 [main] INFO  o.a.coyote.http11.Http11NioProtocol - Initializing ProtocolHandler ["http-nio-8080"]
2026-02-01 18:31:30.053 [main] INFO  o.a.catalina.core.StandardService - Starting service [Tomcat]
2026-02-01 18:31:30.053 [main] INFO  o.a.catalina.core.StandardEngine - Starting Servlet engine: [Apache Tomcat/10.1.50]
2026-02-01 18:31:30.111 [main] INFO  o.a.c.c.C.[.[localhost].[/api] - Initializing Spring embedded WebApplicationContext
2026-02-01 18:31:30.111 [main] INFO  o.s.b.w.s.c.ServletWebServerApplicationContext - Root WebApplicationContext: initialization completed in 1368 ms
2026-02-01 18:31:30.730 [main] DEBUG o.m.spring.SqlSessionFactoryBean - Property 'mapperLocations' was not specified.
2026-02-01 18:31:31.157 [main] INFO  o.s.s.c.a.a.c.InitializeUserDetailsBeanManagerConfigurer$InitializeUserDetailsManagerConfigurer - Global AuthenticationManager configured with UserDetailsService bean with name userDetailsServiceImpl
2026-02-01 18:31:31.332 [main] DEBUG o.s.s.web.DefaultSecurityFilterChain - Will secure any request with filters: DisableEncodeUrlFilter, WebAsyncManagerIntegrationFilter, SecurityContextHolderFilter, HeaderWriterFilter, CorsFilter, LogoutFilter, RequestCacheAwareFilter, SecurityContextHolderAwareRequestFilter, AnonymousAuthenticationFilter, SessionManagementFilter, ExceptionTranslationFilter, AuthorizationFilter
2026-02-01 18:31:32.209 [main] INFO  o.a.coyote.http11.Http11NioProtocol - Starting ProtocolHandler ["http-nio-8080"]
2026-02-01 18:31:32.248 [main] INFO  o.s.b.w.e.tomcat.TomcatWebServer - Tomcat started on port 8080 (http) with context path '/api'
2026-02-01 18:31:32.260 [main] INFO  c.c.c.CodingPlatformApplication - Started CodingPlatformApplication in 3.787 seconds (process running for 4.098)
2026-02-01 18:31:34.426 [http-nio-8080-exec-2] INFO  o.a.c.c.C.[.[localhost].[/api] - Initializing Spring DispatcherServlet 'dispatcherServlet'
2026-02-01 18:31:34.426 [http-nio-8080-exec-2] INFO  o.s.web.servlet.DispatcherServlet - Initializing Servlet 'dispatcherServlet'
2026-02-01 18:31:34.428 [http-nio-8080-exec-2] INFO  o.s.web.servlet.DispatcherServlet - Completed initialization in 2 ms
2026-02-01 18:31:34.446 [http-nio-8080-exec-2] DEBUG o.s.security.web.FilterChainProxy - Securing POST /login/pwd.json
2026-02-01 18:31:34.452 [http-nio-8080-exec-2] DEBUG o.s.s.w.a.AnonymousAuthenticationFilter - Set SecurityContextHolder to anonymous SecurityContext
2026-02-01 18:31:34.454 [http-nio-8080-exec-2] DEBUG o.s.security.web.FilterChainProxy - Secured POST /login/pwd.json
2026-02-01 18:31:34.601 [http-nio-8080-exec-2] INFO  c.alibaba.druid.pool.DruidDataSource - {dataSource-1} inited
2026-02-01 18:31:34.794 [http-nio-8080-exec-2] DEBUG o.s.s.a.d.DaoAuthenticationProvider - Failed to find user '18379908175'
2026-02-01 18:31:34.796 [http-nio-8080-exec-2] DEBUG o.s.s.authentication.ProviderManager - Authentication failed with provider DaoAuthenticationProvider since 用户名或密码错误
2026-02-01 18:38:26.340 [SpringApplicationShutdownHook] INFO  o.s.b.w.e.tomcat.GracefulShutdown - Commencing graceful shutdown. Waiting for active requests to complete
2026-02-01 18:38:26.608 [tomcat-shutdown] INFO  o.s.b.w.e.tomcat.GracefulShutdown - Graceful shutdown complete
2026-02-01 18:38:26.616 [SpringApplicationShutdownHook] INFO  c.alibaba.druid.pool.DruidDataSource - {dataSource-1} closing ...
2026-02-01 18:38:26.620 [SpringApplicationShutdownHook] INFO  c.alibaba.druid.pool.DruidDataSource - {dataSource-1} closed
2026-02-01 18:38:28.718 [background-preinit] INFO  o.h.validator.internal.util.Version - HV000001: Hibernate Validator 8.0.3.Final
2026-02-01 18:38:28.751 [main] INFO  c.c.c.CodingPlatformApplication - Starting CodingPlatformApplication using Java 17.0.12 with PID 16404 (F:\my-github\coding-platform\coding-platform-web\target\classes started by Caigh in F:\my-github\coding-platform\coding-platform-web)
2026-02-01 18:38:28.752 [main] INFO  c.c.c.CodingPlatformApplication - No active profile set, falling back to 1 default profile: "default"
2026-02-01 18:38:29.314 [main] INFO  o.s.d.r.c.RepositoryConfigurationDelegate - Multiple Spring Data modules found, entering strict repository configuration mode
2026-02-01 18:38:29.315 [main] INFO  o.s.d.r.c.RepositoryConfigurationDelegate - Bootstrapping Spring Data Redis repositories in DEFAULT mode.
2026-02-01 18:38:29.341 [main] INFO  o.s.d.r.c.RepositoryConfigurationDelegate - Finished Spring Data repository scanning in 12 ms. Found 0 Redis repository interfaces.
2026-02-01 18:38:29.430 [main] DEBUG o.m.s.mapper.ClassPathMapperScanner - Identified candidate component class: file [F:\my-github\coding-platform\coding-platform-web\target\classes\cn\caigh\coding_platform\dao\UserDao.class]
2026-02-01 18:38:29.433 [main] DEBUG o.m.s.mapper.ClassPathMapperScanner - Creating MapperFactoryBean with name 'userDao' and 'cn.caigh.coding_platform.dao.UserDao' mapperInterface
2026-02-01 18:38:29.434 [main] DEBUG o.m.s.mapper.ClassPathMapperScanner - Enabling autowire by type for MapperFactoryBean with name 'userDao'.
2026-02-01 18:38:30.010 [main] INFO  o.s.b.w.e.tomcat.TomcatWebServer - Tomcat initialized with port 8080 (http)
2026-02-01 18:38:30.021 [main] INFO  o.a.coyote.http11.Http11NioProtocol - Initializing ProtocolHandler ["http-nio-8080"]
2026-02-01 18:38:30.023 [main] INFO  o.a.catalina.core.StandardService - Starting service [Tomcat]
2026-02-01 18:38:30.023 [main] INFO  o.a.catalina.core.StandardEngine - Starting Servlet engine: [Apache Tomcat/10.1.50]
2026-02-01 18:38:30.077 [main] INFO  o.a.c.c.C.[.[localhost].[/api] - Initializing Spring embedded WebApplicationContext
2026-02-01 18:38:30.077 [main] INFO  o.s.b.w.s.c.ServletWebServerApplicationContext - Root WebApplicationContext: initialization completed in 1281 ms
2026-02-01 18:38:30.656 [main] DEBUG o.m.spring.SqlSessionFactoryBean - Property 'mapperLocations' was not specified.
2026-02-01 18:38:30.811 [main] WARN  o.s.b.w.s.c.AnnotationConfigServletWebServerApplicationContext - Exception encountered during context initialization - cancelling refresh attempt: org.springframework.beans.factory.UnsatisfiedDependencyException: Error creating bean with name 'userCtrl': Unsatisfied dependency expressed through field 'userService': No qualifying bean of type 'cn.caigh.coding_platform.service.UserService' available: expected at least 1 bean which qualifies as autowire candidate. Dependency annotations: {@org.springframework.beans.factory.annotation.Autowired(required=true)}
2026-02-01 18:38:30.811 [main] INFO  c.alibaba.druid.pool.DruidDataSource - {dataSource-0} closing ...
2026-02-01 18:38:30.818 [main] INFO  o.a.catalina.core.StandardService - Stopping service [Tomcat]
2026-02-01 18:38:30.908 [main] INFO  o.s.b.a.l.ConditionEvaluationReportLogger - 

Error starting ApplicationContext. To display the condition evaluation report re-run your application with 'debug' enabled.
2026-02-01 18:38:30.936 [main] ERROR o.s.b.d.LoggingFailureAnalysisReporter - 

***************************
APPLICATION FAILED TO START
***************************

Description:

Field userService in cn.caigh.coding_platform.controller.UserCtrl required a bean of type 'cn.caigh.coding_platform.service.UserService' that could not be found.

The injection point has the following annotations:
	- @org.springframework.beans.factory.annotation.Autowired(required=true)


Action:

Consider defining a bean of type 'cn.caigh.coding_platform.service.UserService' in your configuration.

2026-02-01 18:38:57.804 [background-preinit] INFO  o.h.validator.internal.util.Version - HV000001: Hibernate Validator 8.0.3.Final
2026-02-01 18:38:57.846 [main] INFO  c.c.c.CodingPlatformApplication - Starting CodingPlatformApplication using Java 17.0.12 with PID 7800 (F:\my-github\coding-platform\coding-platform-web\target\classes started by Caigh in F:\my-github\coding-platform\coding-platform-web)
2026-02-01 18:38:57.847 [main] INFO  c.c.c.CodingPlatformApplication - No active profile set, falling back to 1 default profile: "default"
2026-02-01 18:38:58.413 [main] INFO  o.s.d.r.c.RepositoryConfigurationDelegate - Multiple Spring Data modules found, entering strict repository configuration mode
2026-02-01 18:38:58.414 [main] INFO  o.s.d.r.c.RepositoryConfigurationDelegate - Bootstrapping Spring Data Redis repositories in DEFAULT mode.
2026-02-01 18:38:58.440 [main] INFO  o.s.d.r.c.RepositoryConfigurationDelegate - Finished Spring Data repository scanning in 11 ms. Found 0 Redis repository interfaces.
2026-02-01 18:38:58.548 [main] DEBUG o.m.s.mapper.ClassPathMapperScanner - Identified candidate component class: file [F:\my-github\coding-platform\coding-platform-web\target\classes\cn\caigh\coding_platform\dao\UserDao.class]
2026-02-01 18:38:58.550 [main] DEBUG o.m.s.mapper.ClassPathMapperScanner - Creating MapperFactoryBean with name 'userDao' and 'cn.caigh.coding_platform.dao.UserDao' mapperInterface
2026-02-01 18:38:58.551 [main] DEBUG o.m.s.mapper.ClassPathMapperScanner - Enabling autowire by type for MapperFactoryBean with name 'userDao'.
2026-02-01 18:38:59.196 [main] INFO  o.s.b.w.e.tomcat.TomcatWebServer - Tomcat initialized with port 8080 (http)
2026-02-01 18:38:59.212 [main] INFO  o.a.coyote.http11.Http11NioProtocol - Initializing ProtocolHandler ["http-nio-8080"]
2026-02-01 18:38:59.214 [main] INFO  o.a.catalina.core.StandardService - Starting service [Tomcat]
2026-02-01 18:38:59.214 [main] INFO  o.a.catalina.core.StandardEngine - Starting Servlet engine: [Apache Tomcat/10.1.50]
2026-02-01 18:38:59.267 [main] INFO  o.a.c.c.C.[.[localhost].[/api] - Initializing Spring embedded WebApplicationContext
2026-02-01 18:38:59.268 [main] INFO  o.s.b.w.s.c.ServletWebServerApplicationContext - Root WebApplicationContext: initialization completed in 1379 ms
2026-02-01 18:38:59.859 [main] DEBUG o.m.spring.SqlSessionFactoryBean - Property 'mapperLocations' was not specified.
2026-02-01 18:39:00.031 [main] WARN  o.s.b.w.s.c.AnnotationConfigServletWebServerApplicationContext - Exception encountered during context initialization - cancelling refresh attempt: org.springframework.beans.factory.UnsatisfiedDependencyException: Error creating bean with name 'userCtrl': Unsatisfied dependency expressed through field 'userService': No qualifying bean of type 'cn.caigh.coding_platform.service.UserService' available: expected at least 1 bean which qualifies as autowire candidate. Dependency annotations: {@org.springframework.beans.factory.annotation.Autowired(required=true)}
2026-02-01 18:39:00.032 [main] INFO  c.alibaba.druid.pool.DruidDataSource - {dataSource-0} closing ...
2026-02-01 18:39:00.039 [main] INFO  o.a.catalina.core.StandardService - Stopping service [Tomcat]
2026-02-01 18:39:00.118 [main] INFO  o.s.b.a.l.ConditionEvaluationReportLogger - 

Error starting ApplicationContext. To display the condition evaluation report re-run your application with 'debug' enabled.
2026-02-01 18:39:00.140 [main] ERROR o.s.b.d.LoggingFailureAnalysisReporter - 

***************************
APPLICATION FAILED TO START
***************************

Description:

Field userService in cn.caigh.coding_platform.controller.UserCtrl required a bean of type 'cn.caigh.coding_platform.service.UserService' that could not be found.

The injection point has the following annotations:
	- @org.springframework.beans.factory.annotation.Autowired(required=true)


Action:

Consider defining a bean of type 'cn.caigh.coding_platform.service.UserService' in your configuration.

2026-02-01 18:39:23.117 [background-preinit] INFO  o.h.validator.internal.util.Version - HV000001: Hibernate Validator 8.0.3.Final
2026-02-01 18:39:23.144 [main] INFO  c.c.c.CodingPlatformApplication - Starting CodingPlatformApplication using Java 17.0.12 with PID 22184 (F:\my-github\coding-platform\coding-platform-web\target\classes started by Caigh in F:\my-github\coding-platform\coding-platform-web)
2026-02-01 18:39:23.145 [main] INFO  c.c.c.CodingPlatformApplication - No active profile set, falling back to 1 default profile: "default"
2026-02-01 18:39:23.729 [main] INFO  o.s.d.r.c.RepositoryConfigurationDelegate - Multiple Spring Data modules found, entering strict repository configuration mode
2026-02-01 18:39:23.731 [main] INFO  o.s.d.r.c.RepositoryConfigurationDelegate - Bootstrapping Spring Data Redis repositories in DEFAULT mode.
2026-02-01 18:39:23.754 [main] INFO  o.s.d.r.c.RepositoryConfigurationDelegate - Finished Spring Data repository scanning in 10 ms. Found 0 Redis repository interfaces.
2026-02-01 18:39:23.852 [main] DEBUG o.m.s.mapper.ClassPathMapperScanner - Identified candidate component class: file [F:\my-github\coding-platform\coding-platform-web\target\classes\cn\caigh\coding_platform\dao\UserDao.class]
2026-02-01 18:39:23.854 [main] DEBUG o.m.s.mapper.ClassPathMapperScanner - Creating MapperFactoryBean with name 'userDao' and 'cn.caigh.coding_platform.dao.UserDao' mapperInterface
2026-02-01 18:39:23.855 [main] DEBUG o.m.s.mapper.ClassPathMapperScanner - Enabling autowire by type for MapperFactoryBean with name 'userDao'.
2026-02-01 18:39:24.414 [main] INFO  o.s.b.w.e.tomcat.TomcatWebServer - Tomcat initialized with port 8080 (http)
2026-02-01 18:39:24.423 [main] INFO  o.a.coyote.http11.Http11NioProtocol - Initializing ProtocolHandler ["http-nio-8080"]
2026-02-01 18:39:24.424 [main] INFO  o.a.catalina.core.StandardService - Starting service [Tomcat]
2026-02-01 18:39:24.424 [main] INFO  o.a.catalina.core.StandardEngine - Starting Servlet engine: [Apache Tomcat/10.1.50]
2026-02-01 18:39:24.480 [main] INFO  o.a.c.c.C.[.[localhost].[/api] - Initializing Spring embedded WebApplicationContext
2026-02-01 18:39:24.480 [main] INFO  o.s.b.w.s.c.ServletWebServerApplicationContext - Root WebApplicationContext: initialization completed in 1299 ms
2026-02-01 18:39:25.073 [main] DEBUG o.m.spring.SqlSessionFactoryBean - Property 'mapperLocations' was not specified.
2026-02-01 18:39:25.468 [main] INFO  o.s.s.c.a.a.c.InitializeUserDetailsBeanManagerConfigurer$InitializeUserDetailsManagerConfigurer - Global AuthenticationManager configured with UserDetailsService bean with name userDetailsServiceImpl
2026-02-01 18:39:25.642 [main] DEBUG o.s.s.web.DefaultSecurityFilterChain - Will secure any request with filters: DisableEncodeUrlFilter, WebAsyncManagerIntegrationFilter, SecurityContextHolderFilter, HeaderWriterFilter, CorsFilter, LogoutFilter, RequestCacheAwareFilter, SecurityContextHolderAwareRequestFilter, AnonymousAuthenticationFilter, SessionManagementFilter, ExceptionTranslationFilter, AuthorizationFilter
2026-02-01 18:39:26.294 [main] INFO  o.a.coyote.http11.Http11NioProtocol - Starting ProtocolHandler ["http-nio-8080"]
2026-02-01 18:39:26.340 [main] INFO  o.s.b.w.e.tomcat.TomcatWebServer - Tomcat started on port 8080 (http) with context path '/api'
2026-02-01 18:39:26.351 [main] INFO  c.c.c.CodingPlatformApplication - Started CodingPlatformApplication in 3.436 seconds (process running for 3.75)
2026-02-01 18:40:18.063 [http-nio-8080-exec-2] INFO  o.a.c.c.C.[.[localhost].[/api] - Initializing Spring DispatcherServlet 'dispatcherServlet'
2026-02-01 18:40:18.063 [http-nio-8080-exec-2] INFO  o.s.web.servlet.DispatcherServlet - Initializing Servlet 'dispatcherServlet'
2026-02-01 18:40:18.064 [http-nio-8080-exec-2] INFO  o.s.web.servlet.DispatcherServlet - Completed initialization in 1 ms
2026-02-01 18:40:18.077 [http-nio-8080-exec-2] DEBUG o.s.security.web.FilterChainProxy - Securing GET /user/list.json
2026-02-01 18:40:18.082 [http-nio-8080-exec-2] DEBUG o.s.s.w.a.AnonymousAuthenticationFilter - Set SecurityContextHolder to anonymous SecurityContext
2026-02-01 18:40:18.083 [http-nio-8080-exec-2] DEBUG o.s.security.web.FilterChainProxy - Secured GET /user/list.json
2026-02-01 18:40:18.142 [http-nio-8080-exec-2] INFO  c.alibaba.druid.pool.DruidDataSource - {dataSource-1} inited
2026-02-01 19:41:27.373 [SpringApplicationShutdownHook] INFO  o.s.b.w.e.tomcat.GracefulShutdown - Commencing graceful shutdown. Waiting for active requests to complete
2026-02-01 19:41:27.644 [tomcat-shutdown] INFO  o.s.b.w.e.tomcat.GracefulShutdown - Graceful shutdown complete
2026-02-01 19:41:27.656 [SpringApplicationShutdownHook] INFO  c.alibaba.druid.pool.DruidDataSource - {dataSource-1} closing ...
2026-02-01 19:41:27.656 [SpringApplicationShutdownHook] INFO  c.alibaba.druid.pool.DruidDataSource - {dataSource-1} closed
2026-02-01 19:41:29.733 [background-preinit] INFO  o.h.validator.internal.util.Version - HV000001: Hibernate Validator 8.0.3.Final
2026-02-01 19:41:29.763 [main] INFO  c.c.c.CodingPlatformApplication - Starting CodingPlatformApplication using Java 17.0.12 with PID 21988 (F:\my-github\coding-platform\coding-platform-web\target\classes started by Caigh in F:\my-github\coding-platform\coding-platform-web)
2026-02-01 19:41:29.764 [main] INFO  c.c.c.CodingPlatformApplication - No active profile set, falling back to 1 default profile: "default"
2026-02-01 19:41:30.347 [main] INFO  o.s.d.r.c.RepositoryConfigurationDelegate - Multiple Spring Data modules found, entering strict repository configuration mode
2026-02-01 19:41:30.348 [main] INFO  o.s.d.r.c.RepositoryConfigurationDelegate - Bootstrapping Spring Data Redis repositories in DEFAULT mode.
2026-02-01 19:41:30.372 [main] INFO  o.s.d.r.c.RepositoryConfigurationDelegate - Finished Spring Data repository scanning in 11 ms. Found 0 Redis repository interfaces.
2026-02-01 19:41:30.458 [main] DEBUG o.m.s.mapper.ClassPathMapperScanner - Identified candidate component class: file [F:\my-github\coding-platform\coding-platform-web\target\classes\cn\caigh\coding_platform\dao\UserDao.class]
2026-02-01 19:41:30.459 [main] DEBUG o.m.s.mapper.ClassPathMapperScanner - Creating MapperFactoryBean with name 'userDao' and 'cn.caigh.coding_platform.dao.UserDao' mapperInterface
2026-02-01 19:41:30.460 [main] DEBUG o.m.s.mapper.ClassPathMapperScanner - Enabling autowire by type for MapperFactoryBean with name 'userDao'.
2026-02-01 19:41:31.035 [main] INFO  o.s.b.w.e.tomcat.TomcatWebServer - Tomcat initialized with port 8080 (http)
2026-02-01 19:41:31.044 [main] INFO  o.a.coyote.http11.Http11NioProtocol - Initializing ProtocolHandler ["http-nio-8080"]
2026-02-01 19:41:31.046 [main] INFO  o.a.catalina.core.StandardService - Starting service [Tomcat]
2026-02-01 19:41:31.046 [main] INFO  o.a.catalina.core.StandardEngine - Starting Servlet engine: [Apache Tomcat/10.1.50]
2026-02-01 19:41:31.097 [main] INFO  o.a.c.c.C.[.[localhost].[/api] - Initializing Spring embedded WebApplicationContext
2026-02-01 19:41:31.098 [main] INFO  o.s.b.w.s.c.ServletWebServerApplicationContext - Root WebApplicationContext: initialization completed in 1298 ms
2026-02-01 19:41:31.652 [main] DEBUG o.m.spring.SqlSessionFactoryBean - Property 'mapperLocations' was not specified.
2026-02-01 19:41:32.072 [main] INFO  o.s.s.c.a.a.c.InitializeUserDetailsBeanManagerConfigurer$InitializeUserDetailsManagerConfigurer - Global AuthenticationManager configured with UserDetailsService bean with name userDetailsServiceImpl
2026-02-01 19:41:32.207 [main] WARN  o.s.s.c.a.w.c.AuthorizeHttpRequestsConfigurer$AuthorizationManagerRequestMatcherRegistry - One of the patterns in [] is missing a leading slash. This is discouraged; please include the leading slash in all your request matcher patterns. In future versions of Spring Security, leaving out the leading slash will result in an exception.
2026-02-01 19:41:32.208 [main] WARN  o.s.b.w.s.c.AnnotationConfigServletWebServerApplicationContext - Exception encountered during context initialization - cancelling refresh attempt: org.springframework.beans.factory.UnsatisfiedDependencyException: Error creating bean with name 'org.springframework.security.config.annotation.web.configuration.WebSecurityConfiguration': Unsatisfied dependency expressed through method 'setFilterChains' parameter 0: Error creating bean with name 'filterChain' defined in class path resource [cn/caigh/coding_platform/config/WebSecurityConfig.class]: Failed to instantiate [org.springframework.security.web.SecurityFilterChain]: Factory method 'filterChain' threw exception with message: Pattern cannot be null or empty
2026-02-01 19:41:32.209 [main] INFO  c.alibaba.druid.pool.DruidDataSource - {dataSource-0} closing ...
2026-02-01 19:41:32.216 [main] INFO  o.a.catalina.core.StandardService - Stopping service [Tomcat]
2026-02-01 19:41:32.298 [main] INFO  o.s.b.a.l.ConditionEvaluationReportLogger - 

Error starting ApplicationContext. To display the condition evaluation report re-run your application with 'debug' enabled.
2026-02-01 19:41:32.331 [main] ERROR o.s.boot.SpringApplication - Application run failed
org.springframework.beans.factory.UnsatisfiedDependencyException: Error creating bean with name 'org.springframework.security.config.annotation.web.configuration.WebSecurityConfiguration': Unsatisfied dependency expressed through method 'setFilterChains' parameter 0: Error creating bean with name 'filterChain' defined in class path resource [cn/caigh/coding_platform/config/WebSecurityConfig.class]: Failed to instantiate [org.springframework.security.web.SecurityFilterChain]: Factory method 'filterChain' threw exception with message: Pattern cannot be null or empty
	at org.springframework.beans.factory.annotation.AutowiredAnnotationBeanPostProcessor$AutowiredMethodElement.resolveMethodArguments(AutowiredAnnotationBeanPostProcessor.java:895)
	at org.springframework.beans.factory.annotation.AutowiredAnnotationBeanPostProcessor$AutowiredMethodElement.inject(AutowiredAnnotationBeanPostProcessor.java:848)
	at org.springframework.beans.factory.annotation.InjectionMetadata.inject(InjectionMetadata.java:146)
	at org.springframework.beans.factory.annotation.AutowiredAnnotationBeanPostProcessor.postProcessProperties(AutowiredAnnotationBeanPostProcessor.java:509)
	at org.springframework.beans.factory.support.AbstractAutowireCapableBeanFactory.populateBean(AbstractAutowireCapableBeanFactory.java:1459)
	at org.springframework.beans.factory.support.AbstractAutowireCapableBeanFactory.doCreateBean(AbstractAutowireCapableBeanFactory.java:606)
	at org.springframework.beans.factory.support.AbstractAutowireCapableBeanFactory.createBean(AbstractAutowireCapableBeanFactory.java:529)
	at org.springframework.beans.factory.support.AbstractBeanFactory.lambda$doGetBean$0(AbstractBeanFactory.java:339)
	at org.springframework.beans.factory.support.DefaultSingletonBeanRegistry.getSingleton(DefaultSingletonBeanRegistry.java:373)
	at org.springframework.beans.factory.support.AbstractBeanFactory.doGetBean(AbstractBeanFactory.java:337)
	at org.springframework.beans.factory.support.AbstractBeanFactory.getBean(AbstractBeanFactory.java:202)
	at org.springframework.beans.factory.support.DefaultListableBeanFactory.instantiateSingleton(DefaultListableBeanFactory.java:1228)
	at org.springframework.beans.factory.support.DefaultListableBeanFactory.preInstantiateSingleton(DefaultListableBeanFactory.java:1194)
	at org.springframework.beans.factory.support.DefaultListableBeanFactory.preInstantiateSingletons(DefaultListableBeanFactory.java:1130)
	at org.springframework.context.support.AbstractApplicationContext.finishBeanFactoryInitialization(AbstractApplicationContext.java:990)
	at org.springframework.context.support.AbstractApplicationContext.refresh(AbstractApplicationContext.java:627)
	at org.springframework.boot.web.servlet.context.ServletWebServerApplicationContext.refresh(ServletWebServerApplicationContext.java:146)
	at org.springframework.boot.SpringApplication.refresh(SpringApplication.java:752)
	at org.springframework.boot.SpringApplication.refreshContext(SpringApplication.java:439)
	at org.springframework.boot.SpringApplication.run(SpringApplication.java:318)
	at org.springframework.boot.SpringApplication.run(SpringApplication.java:1361)
	at org.springframework.boot.SpringApplication.run(SpringApplication.java:1350)
	at cn.caigh.coding_platform.CodingPlatformApplication.main(CodingPlatformApplication.java:13)
Caused by: org.springframework.beans.factory.BeanCreationException: Error creating bean with name 'filterChain' defined in class path resource [cn/caigh/coding_platform/config/WebSecurityConfig.class]: Failed to instantiate [org.springframework.security.web.SecurityFilterChain]: Factory method 'filterChain' threw exception with message: Pattern cannot be null or empty
	at org.springframework.beans.factory.support.ConstructorResolver.instantiate(ConstructorResolver.java:657)
	at org.springframework.beans.factory.support.ConstructorResolver.instantiateUsingFactoryMethod(ConstructorResolver.java:645)
	at org.springframework.beans.factory.support.AbstractAutowireCapableBeanFactory.instantiateUsingFactoryMethod(AbstractAutowireCapableBeanFactory.java:1375)
	at org.springframework.beans.factory.support.AbstractAutowireCapableBeanFactory.createBeanInstance(AbstractAutowireCapableBeanFactory.java:1205)
	at org.springframework.beans.factory.support.AbstractAutowireCapableBeanFactory.doCreateBean(AbstractAutowireCapableBeanFactory.java:569)
	at org.springframework.beans.factory.support.AbstractAutowireCapableBeanFactory.createBean(AbstractAutowireCapableBeanFactory.java:529)
	at org.springframework.beans.factory.support.AbstractBeanFactory.lambda$doGetBean$0(AbstractBeanFactory.java:339)
	at org.springframework.beans.factory.support.DefaultSingletonBeanRegistry.getSingleton(DefaultSingletonBeanRegistry.java:373)
	at org.springframework.beans.factory.support.AbstractBeanFactory.doGetBean(AbstractBeanFactory.java:337)
	at org.springframework.beans.factory.support.AbstractBeanFactory.getBean(AbstractBeanFactory.java:202)
	at org.springframework.beans.factory.config.DependencyDescriptor.resolveCandidate(DependencyDescriptor.java:254)
	at org.springframework.beans.factory.support.DefaultListableBeanFactory.addCandidateEntry(DefaultListableBeanFactory.java:2022)
	at org.springframework.beans.factory.support.DefaultListableBeanFactory.findAutowireCandidates(DefaultListableBeanFactory.java:1985)
	at org.springframework.beans.factory.support.DefaultListableBeanFactory.resolveMultipleBeanCollection(DefaultListableBeanFactory.java:1875)
	at org.springframework.beans.factory.support.DefaultListableBeanFactory.resolveMultipleBeans(DefaultListableBeanFactory.java:1843)
	at org.springframework.beans.factory.support.DefaultListableBeanFactory.doResolveDependency(DefaultListableBeanFactory.java:1719)
	at org.springframework.beans.factory.support.DefaultListableBeanFactory.resolveDependency(DefaultListableBeanFactory.java:1653)
	at org.springframework.beans.factory.annotation.AutowiredAnnotationBeanPostProcessor$AutowiredMethodElement.resolveMethodArguments(AutowiredAnnotationBeanPostProcessor.java:887)
	... 22 common frames omitted
Caused by: org.springframework.beans.BeanInstantiationException: Failed to instantiate [org.springframework.security.web.SecurityFilterChain]: Factory method 'filterChain' threw exception with message: Pattern cannot be null or empty
	at org.springframework.beans.factory.support.SimpleInstantiationStrategy.lambda$instantiate$0(SimpleInstantiationStrategy.java:200)
	at org.springframework.beans.factory.support.SimpleInstantiationStrategy.instantiateWithFactoryMethod(SimpleInstantiationStrategy.java:89)
	at org.springframework.beans.factory.support.SimpleInstantiationStrategy.instantiate(SimpleInstantiationStrategy.java:169)
	at org.springframework.beans.factory.support.ConstructorResolver.instantiate(ConstructorResolver.java:653)
	... 39 common frames omitted
Caused by: java.lang.IllegalArgumentException: Pattern cannot be null or empty
	at org.springframework.util.Assert.hasText(Assert.java:253)
	at org.springframework.security.web.util.matcher.AntPathRequestMatcher.<init>(AntPathRequestMatcher.java:155)
	at org.springframework.security.web.util.matcher.AntPathRequestMatcher.<init>(AntPathRequestMatcher.java:140)
	at org.springframework.security.web.util.matcher.AntPathRequestMatcher.<init>(AntPathRequestMatcher.java:128)
	at org.springframework.security.config.annotation.web.AbstractRequestMatcherRegistry.requestMatchers(AbstractRequestMatcherRegistry.java:225)
	at org.springframework.security.config.annotation.web.AbstractRequestMatcherRegistry.requestMatchers(AbstractRequestMatcherRegistry.java:304)
	at cn.caigh.coding_platform.config.WebSecurityConfig.lambda$filterChain$2(WebSecurityConfig.java:58)
	at org.springframework.security.config.annotation.web.builders.HttpSecurity.authorizeHttpRequests(HttpSecurity.java:1491)
	at cn.caigh.coding_platform.config.WebSecurityConfig.filterChain(WebSecurityConfig.java:56)
	at cn.caigh.coding_platform.config.WebSecurityConfig$$SpringCGLIB$$0.CGLIB$filterChain$0(<generated>)
	at cn.caigh.coding_platform.config.WebSecurityConfig$$SpringCGLIB$$FastClass$$1.invoke(<generated>)
	at org.springframework.cglib.proxy.MethodProxy.invokeSuper(MethodProxy.java:258)
	at org.springframework.context.annotation.ConfigurationClassEnhancer$BeanMethodInterceptor.intercept(ConfigurationClassEnhancer.java:400)
	at cn.caigh.coding_platform.config.WebSecurityConfig$$SpringCGLIB$$0.filterChain(<generated>)
	at java.base/jdk.internal.reflect.NativeMethodAccessorImpl.invoke0(Native Method)
	at java.base/jdk.internal.reflect.NativeMethodAccessorImpl.invoke(NativeMethodAccessorImpl.java:77)
	at java.base/jdk.internal.reflect.DelegatingMethodAccessorImpl.invoke(DelegatingMethodAccessorImpl.java:43)
	at java.base/java.lang.reflect.Method.invoke(Method.java:568)
	at org.springframework.beans.factory.support.SimpleInstantiationStrategy.lambda$instantiate$0(SimpleInstantiationStrategy.java:172)
	... 42 common frames omitted
2026-02-01 19:43:02.522 [background-preinit] INFO  o.h.validator.internal.util.Version - HV000001: Hibernate Validator 8.0.3.Final
2026-02-01 19:43:02.559 [main] INFO  c.c.c.CodingPlatformApplication - Starting CodingPlatformApplication using Java 17.0.12 with PID 1316 (F:\my-github\coding-platform\coding-platform-web\target\classes started by Caigh in F:\my-github\coding-platform\coding-platform-web)
2026-02-01 19:43:02.560 [main] INFO  c.c.c.CodingPlatformApplication - No active profile set, falling back to 1 default profile: "default"
2026-02-01 19:43:03.106 [main] INFO  o.s.d.r.c.RepositoryConfigurationDelegate - Multiple Spring Data modules found, entering strict repository configuration mode
2026-02-01 19:43:03.107 [main] INFO  o.s.d.r.c.RepositoryConfigurationDelegate - Bootstrapping Spring Data Redis repositories in DEFAULT mode.
2026-02-01 19:43:03.128 [main] INFO  o.s.d.r.c.RepositoryConfigurationDelegate - Finished Spring Data repository scanning in 9 ms. Found 0 Redis repository interfaces.
2026-02-01 19:43:03.210 [main] DEBUG o.m.s.mapper.ClassPathMapperScanner - Identified candidate component class: file [F:\my-github\coding-platform\coding-platform-web\target\classes\cn\caigh\coding_platform\dao\UserDao.class]
2026-02-01 19:43:03.211 [main] DEBUG o.m.s.mapper.ClassPathMapperScanner - Creating MapperFactoryBean with name 'userDao' and 'cn.caigh.coding_platform.dao.UserDao' mapperInterface
2026-02-01 19:43:03.212 [main] DEBUG o.m.s.mapper.ClassPathMapperScanner - Enabling autowire by type for MapperFactoryBean with name 'userDao'.
2026-02-01 19:43:03.800 [main] INFO  o.s.b.w.e.tomcat.TomcatWebServer - Tomcat initialized with port 8080 (http)
2026-02-01 19:43:03.808 [main] INFO  o.a.coyote.http11.Http11NioProtocol - Initializing ProtocolHandler ["http-nio-8080"]
2026-02-01 19:43:03.810 [main] INFO  o.a.catalina.core.StandardService - Starting service [Tomcat]
2026-02-01 19:43:03.810 [main] INFO  o.a.catalina.core.StandardEngine - Starting Servlet engine: [Apache Tomcat/10.1.50]
2026-02-01 19:43:03.854 [main] INFO  o.a.c.c.C.[.[localhost].[/api] - Initializing Spring embedded WebApplicationContext
2026-02-01 19:43:03.855 [main] INFO  o.s.b.w.s.c.ServletWebServerApplicationContext - Root WebApplicationContext: initialization completed in 1252 ms
2026-02-01 19:43:04.436 [main] DEBUG o.m.spring.SqlSessionFactoryBean - Property 'mapperLocations' was not specified.
2026-02-01 19:43:04.824 [main] INFO  o.s.s.c.a.a.c.InitializeUserDetailsBeanManagerConfigurer$InitializeUserDetailsManagerConfigurer - Global AuthenticationManager configured with UserDetailsService bean with name userDetailsServiceImpl
2026-02-01 19:43:04.958 [main] WARN  o.s.s.c.a.w.c.AuthorizeHttpRequestsConfigurer$AuthorizationManagerRequestMatcherRegistry - One of the patterns in [] is missing a leading slash. This is discouraged; please include the leading slash in all your request matcher patterns. In future versions of Spring Security, leaving out the leading slash will result in an exception.
2026-02-01 19:43:04.961 [main] WARN  o.s.b.w.s.c.AnnotationConfigServletWebServerApplicationContext - Exception encountered during context initialization - cancelling refresh attempt: org.springframework.beans.factory.UnsatisfiedDependencyException: Error creating bean with name 'org.springframework.security.config.annotation.web.configuration.WebSecurityConfiguration': Unsatisfied dependency expressed through method 'setFilterChains' parameter 0: Error creating bean with name 'filterChain' defined in class path resource [cn/caigh/coding_platform/config/WebSecurityConfig.class]: Failed to instantiate [org.springframework.security.web.SecurityFilterChain]: Factory method 'filterChain' threw exception with message: Pattern cannot be null or empty
2026-02-01 19:43:04.962 [main] INFO  c.alibaba.druid.pool.DruidDataSource - {dataSource-0} closing ...
2026-02-01 19:43:04.969 [main] INFO  o.a.catalina.core.StandardService - Stopping service [Tomcat]
2026-02-01 19:43:05.050 [main] INFO  o.s.b.a.l.ConditionEvaluationReportLogger - 

Error starting ApplicationContext. To display the condition evaluation report re-run your application with 'debug' enabled.
2026-02-01 19:43:05.071 [main] ERROR o.s.boot.SpringApplication - Application run failed
org.springframework.beans.factory.UnsatisfiedDependencyException: Error creating bean with name 'org.springframework.security.config.annotation.web.configuration.WebSecurityConfiguration': Unsatisfied dependency expressed through method 'setFilterChains' parameter 0: Error creating bean with name 'filterChain' defined in class path resource [cn/caigh/coding_platform/config/WebSecurityConfig.class]: Failed to instantiate [org.springframework.security.web.SecurityFilterChain]: Factory method 'filterChain' threw exception with message: Pattern cannot be null or empty
	at org.springframework.beans.factory.annotation.AutowiredAnnotationBeanPostProcessor$AutowiredMethodElement.resolveMethodArguments(AutowiredAnnotationBeanPostProcessor.java:895)
	at org.springframework.beans.factory.annotation.AutowiredAnnotationBeanPostProcessor$AutowiredMethodElement.inject(AutowiredAnnotationBeanPostProcessor.java:848)
	at org.springframework.beans.factory.annotation.InjectionMetadata.inject(InjectionMetadata.java:146)
	at org.springframework.beans.factory.annotation.AutowiredAnnotationBeanPostProcessor.postProcessProperties(AutowiredAnnotationBeanPostProcessor.java:509)
	at org.springframework.beans.factory.support.AbstractAutowireCapableBeanFactory.populateBean(AbstractAutowireCapableBeanFactory.java:1459)
	at org.springframework.beans.factory.support.AbstractAutowireCapableBeanFactory.doCreateBean(AbstractAutowireCapableBeanFactory.java:606)
	at org.springframework.beans.factory.support.AbstractAutowireCapableBeanFactory.createBean(AbstractAutowireCapableBeanFactory.java:529)
	at org.springframework.beans.factory.support.AbstractBeanFactory.lambda$doGetBean$0(AbstractBeanFactory.java:339)
	at org.springframework.beans.factory.support.DefaultSingletonBeanRegistry.getSingleton(DefaultSingletonBeanRegistry.java:373)
	at org.springframework.beans.factory.support.AbstractBeanFactory.doGetBean(AbstractBeanFactory.java:337)
	at org.springframework.beans.factory.support.AbstractBeanFactory.getBean(AbstractBeanFactory.java:202)
	at org.springframework.beans.factory.support.DefaultListableBeanFactory.instantiateSingleton(DefaultListableBeanFactory.java:1228)
	at org.springframework.beans.factory.support.DefaultListableBeanFactory.preInstantiateSingleton(DefaultListableBeanFactory.java:1194)
	at org.springframework.beans.factory.support.DefaultListableBeanFactory.preInstantiateSingletons(DefaultListableBeanFactory.java:1130)
	at org.springframework.context.support.AbstractApplicationContext.finishBeanFactoryInitialization(AbstractApplicationContext.java:990)
	at org.springframework.context.support.AbstractApplicationContext.refresh(AbstractApplicationContext.java:627)
	at org.springframework.boot.web.servlet.context.ServletWebServerApplicationContext.refresh(ServletWebServerApplicationContext.java:146)
	at org.springframework.boot.SpringApplication.refresh(SpringApplication.java:752)
	at org.springframework.boot.SpringApplication.refreshContext(SpringApplication.java:439)
	at org.springframework.boot.SpringApplication.run(SpringApplication.java:318)
	at org.springframework.boot.SpringApplication.run(SpringApplication.java:1361)
	at org.springframework.boot.SpringApplication.run(SpringApplication.java:1350)
	at cn.caigh.coding_platform.CodingPlatformApplication.main(CodingPlatformApplication.java:13)
Caused by: org.springframework.beans.factory.BeanCreationException: Error creating bean with name 'filterChain' defined in class path resource [cn/caigh/coding_platform/config/WebSecurityConfig.class]: Failed to instantiate [org.springframework.security.web.SecurityFilterChain]: Factory method 'filterChain' threw exception with message: Pattern cannot be null or empty
	at org.springframework.beans.factory.support.ConstructorResolver.instantiate(ConstructorResolver.java:657)
	at org.springframework.beans.factory.support.ConstructorResolver.instantiateUsingFactoryMethod(ConstructorResolver.java:645)
	at org.springframework.beans.factory.support.AbstractAutowireCapableBeanFactory.instantiateUsingFactoryMethod(AbstractAutowireCapableBeanFactory.java:1375)
	at org.springframework.beans.factory.support.AbstractAutowireCapableBeanFactory.createBeanInstance(AbstractAutowireCapableBeanFactory.java:1205)
	at org.springframework.beans.factory.support.AbstractAutowireCapableBeanFactory.doCreateBean(AbstractAutowireCapableBeanFactory.java:569)
	at org.springframework.beans.factory.support.AbstractAutowireCapableBeanFactory.createBean(AbstractAutowireCapableBeanFactory.java:529)
	at org.springframework.beans.factory.support.AbstractBeanFactory.lambda$doGetBean$0(AbstractBeanFactory.java:339)
	at org.springframework.beans.factory.support.DefaultSingletonBeanRegistry.getSingleton(DefaultSingletonBeanRegistry.java:373)
	at org.springframework.beans.factory.support.AbstractBeanFactory.doGetBean(AbstractBeanFactory.java:337)
	at org.springframework.beans.factory.support.AbstractBeanFactory.getBean(AbstractBeanFactory.java:202)
	at org.springframework.beans.factory.config.DependencyDescriptor.resolveCandidate(DependencyDescriptor.java:254)
	at org.springframework.beans.factory.support.DefaultListableBeanFactory.addCandidateEntry(DefaultListableBeanFactory.java:2022)
	at org.springframework.beans.factory.support.DefaultListableBeanFactory.findAutowireCandidates(DefaultListableBeanFactory.java:1985)
	at org.springframework.beans.factory.support.DefaultListableBeanFactory.resolveMultipleBeanCollection(DefaultListableBeanFactory.java:1875)
	at org.springframework.beans.factory.support.DefaultListableBeanFactory.resolveMultipleBeans(DefaultListableBeanFactory.java:1843)
	at org.springframework.beans.factory.support.DefaultListableBeanFactory.doResolveDependency(DefaultListableBeanFactory.java:1719)
	at org.springframework.beans.factory.support.DefaultListableBeanFactory.resolveDependency(DefaultListableBeanFactory.java:1653)
	at org.springframework.beans.factory.annotation.AutowiredAnnotationBeanPostProcessor$AutowiredMethodElement.resolveMethodArguments(AutowiredAnnotationBeanPostProcessor.java:887)
	... 22 common frames omitted
Caused by: org.springframework.beans.BeanInstantiationException: Failed to instantiate [org.springframework.security.web.SecurityFilterChain]: Factory method 'filterChain' threw exception with message: Pattern cannot be null or empty
	at org.springframework.beans.factory.support.SimpleInstantiationStrategy.lambda$instantiate$0(SimpleInstantiationStrategy.java:200)
	at org.springframework.beans.factory.support.SimpleInstantiationStrategy.instantiateWithFactoryMethod(SimpleInstantiationStrategy.java:89)
	at org.springframework.beans.factory.support.SimpleInstantiationStrategy.instantiate(SimpleInstantiationStrategy.java:169)
	at org.springframework.beans.factory.support.ConstructorResolver.instantiate(ConstructorResolver.java:653)
	... 39 common frames omitted
Caused by: java.lang.IllegalArgumentException: Pattern cannot be null or empty
	at org.springframework.util.Assert.hasText(Assert.java:253)
	at org.springframework.security.web.util.matcher.AntPathRequestMatcher.<init>(AntPathRequestMatcher.java:155)
	at org.springframework.security.web.util.matcher.AntPathRequestMatcher.<init>(AntPathRequestMatcher.java:140)
	at org.springframework.security.web.util.matcher.AntPathRequestMatcher.<init>(AntPathRequestMatcher.java:128)
	at org.springframework.security.config.annotation.web.AbstractRequestMatcherRegistry.requestMatchers(AbstractRequestMatcherRegistry.java:225)
	at org.springframework.security.config.annotation.web.AbstractRequestMatcherRegistry.requestMatchers(AbstractRequestMatcherRegistry.java:304)
	at cn.caigh.coding_platform.config.WebSecurityConfig.lambda$filterChain$2(WebSecurityConfig.java:58)
	at org.springframework.security.config.annotation.web.builders.HttpSecurity.authorizeHttpRequests(HttpSecurity.java:1491)
	at cn.caigh.coding_platform.config.WebSecurityConfig.filterChain(WebSecurityConfig.java:56)
	at cn.caigh.coding_platform.config.WebSecurityConfig$$SpringCGLIB$$0.CGLIB$filterChain$2(<generated>)
	at cn.caigh.coding_platform.config.WebSecurityConfig$$SpringCGLIB$$FastClass$$1.invoke(<generated>)
	at org.springframework.cglib.proxy.MethodProxy.invokeSuper(MethodProxy.java:258)
	at org.springframework.context.annotation.ConfigurationClassEnhancer$BeanMethodInterceptor.intercept(ConfigurationClassEnhancer.java:400)
	at cn.caigh.coding_platform.config.WebSecurityConfig$$SpringCGLIB$$0.filterChain(<generated>)
	at java.base/jdk.internal.reflect.NativeMethodAccessorImpl.invoke0(Native Method)
	at java.base/jdk.internal.reflect.NativeMethodAccessorImpl.invoke(NativeMethodAccessorImpl.java:77)
	at java.base/jdk.internal.reflect.DelegatingMethodAccessorImpl.invoke(DelegatingMethodAccessorImpl.java:43)
	at java.base/java.lang.reflect.Method.invoke(Method.java:568)
	at org.springframework.beans.factory.support.SimpleInstantiationStrategy.lambda$instantiate$0(SimpleInstantiationStrategy.java:172)
	... 42 common frames omitted
2026-02-01 19:43:43.514 [background-preinit] INFO  o.h.validator.internal.util.Version - HV000001: Hibernate Validator 8.0.3.Final
2026-02-01 19:43:43.549 [main] INFO  c.c.c.CodingPlatformApplication - Starting CodingPlatformApplication using Java 17.0.12 with PID 27100 (F:\my-github\coding-platform\coding-platform-web\target\classes started by Caigh in F:\my-github\coding-platform\coding-platform-web)
2026-02-01 19:43:43.551 [main] INFO  c.c.c.CodingPlatformApplication - No active profile set, falling back to 1 default profile: "default"
2026-02-01 19:43:44.113 [main] INFO  o.s.d.r.c.RepositoryConfigurationDelegate - Multiple Spring Data modules found, entering strict repository configuration mode
2026-02-01 19:43:44.115 [main] INFO  o.s.d.r.c.RepositoryConfigurationDelegate - Bootstrapping Spring Data Redis repositories in DEFAULT mode.
2026-02-01 19:43:44.140 [main] INFO  o.s.d.r.c.RepositoryConfigurationDelegate - Finished Spring Data repository scanning in 12 ms. Found 0 Redis repository interfaces.
2026-02-01 19:43:44.242 [main] DEBUG o.m.s.mapper.ClassPathMapperScanner - Identified candidate component class: file [F:\my-github\coding-platform\coding-platform-web\target\classes\cn\caigh\coding_platform\dao\UserDao.class]
2026-02-01 19:43:44.243 [main] DEBUG o.m.s.mapper.ClassPathMapperScanner - Creating MapperFactoryBean with name 'userDao' and 'cn.caigh.coding_platform.dao.UserDao' mapperInterface
2026-02-01 19:43:44.245 [main] DEBUG o.m.s.mapper.ClassPathMapperScanner - Enabling autowire by type for MapperFactoryBean with name 'userDao'.
2026-02-01 19:43:44.827 [main] INFO  o.s.b.w.e.tomcat.TomcatWebServer - Tomcat initialized with port 8080 (http)
2026-02-01 19:43:44.834 [main] INFO  o.a.coyote.http11.Http11NioProtocol - Initializing ProtocolHandler ["http-nio-8080"]
2026-02-01 19:43:44.836 [main] INFO  o.a.catalina.core.StandardService - Starting service [Tomcat]
2026-02-01 19:43:44.836 [main] INFO  o.a.catalina.core.StandardEngine - Starting Servlet engine: [Apache Tomcat/10.1.50]
2026-02-01 19:43:44.883 [main] INFO  o.a.c.c.C.[.[localhost].[/api] - Initializing Spring embedded WebApplicationContext
2026-02-01 19:43:44.883 [main] INFO  o.s.b.w.s.c.ServletWebServerApplicationContext - Root WebApplicationContext: initialization completed in 1289 ms
2026-02-01 19:43:45.475 [main] DEBUG o.m.spring.SqlSessionFactoryBean - Property 'mapperLocations' was not specified.
2026-02-01 19:43:45.867 [main] INFO  o.s.s.c.a.a.c.InitializeUserDetailsBeanManagerConfigurer$InitializeUserDetailsManagerConfigurer - Global AuthenticationManager configured with UserDetailsService bean with name userDetailsServiceImpl
2026-02-01 19:43:45.997 [main] WARN  o.s.s.c.a.w.c.AuthorizeHttpRequestsConfigurer$AuthorizationManagerRequestMatcherRegistry - One of the patterns in [] is missing a leading slash. This is discouraged; please include the leading slash in all your request matcher patterns. In future versions of Spring Security, leaving out the leading slash will result in an exception.
2026-02-01 19:43:45.999 [main] WARN  o.s.b.w.s.c.AnnotationConfigServletWebServerApplicationContext - Exception encountered during context initialization - cancelling refresh attempt: org.springframework.beans.factory.UnsatisfiedDependencyException: Error creating bean with name 'org.springframework.security.config.annotation.web.configuration.WebSecurityConfiguration': Unsatisfied dependency expressed through method 'setFilterChains' parameter 0: Error creating bean with name 'filterChain' defined in class path resource [cn/caigh/coding_platform/config/WebSecurityConfig.class]: Failed to instantiate [org.springframework.security.web.SecurityFilterChain]: Factory method 'filterChain' threw exception with message: Pattern cannot be null or empty
2026-02-01 19:43:46.000 [main] INFO  c.alibaba.druid.pool.DruidDataSource - {dataSource-0} closing ...
2026-02-01 19:43:46.006 [main] INFO  o.a.catalina.core.StandardService - Stopping service [Tomcat]
2026-02-01 19:43:46.088 [main] INFO  o.s.b.a.l.ConditionEvaluationReportLogger - 

Error starting ApplicationContext. To display the condition evaluation report re-run your application with 'debug' enabled.
2026-02-01 19:43:46.122 [main] ERROR o.s.boot.SpringApplication - Application run failed
org.springframework.beans.factory.UnsatisfiedDependencyException: Error creating bean with name 'org.springframework.security.config.annotation.web.configuration.WebSecurityConfiguration': Unsatisfied dependency expressed through method 'setFilterChains' parameter 0: Error creating bean with name 'filterChain' defined in class path resource [cn/caigh/coding_platform/config/WebSecurityConfig.class]: Failed to instantiate [org.springframework.security.web.SecurityFilterChain]: Factory method 'filterChain' threw exception with message: Pattern cannot be null or empty
	at org.springframework.beans.factory.annotation.AutowiredAnnotationBeanPostProcessor$AutowiredMethodElement.resolveMethodArguments(AutowiredAnnotationBeanPostProcessor.java:895)
	at org.springframework.beans.factory.annotation.AutowiredAnnotationBeanPostProcessor$AutowiredMethodElement.inject(AutowiredAnnotationBeanPostProcessor.java:848)
	at org.springframework.beans.factory.annotation.InjectionMetadata.inject(InjectionMetadata.java:146)
	at org.springframework.beans.factory.annotation.AutowiredAnnotationBeanPostProcessor.postProcessProperties(AutowiredAnnotationBeanPostProcessor.java:509)
	at org.springframework.beans.factory.support.AbstractAutowireCapableBeanFactory.populateBean(AbstractAutowireCapableBeanFactory.java:1459)
	at org.springframework.beans.factory.support.AbstractAutowireCapableBeanFactory.doCreateBean(AbstractAutowireCapableBeanFactory.java:606)
	at org.springframework.beans.factory.support.AbstractAutowireCapableBeanFactory.createBean(AbstractAutowireCapableBeanFactory.java:529)
	at org.springframework.beans.factory.support.AbstractBeanFactory.lambda$doGetBean$0(AbstractBeanFactory.java:339)
	at org.springframework.beans.factory.support.DefaultSingletonBeanRegistry.getSingleton(DefaultSingletonBeanRegistry.java:373)
	at org.springframework.beans.factory.support.AbstractBeanFactory.doGetBean(AbstractBeanFactory.java:337)
	at org.springframework.beans.factory.support.AbstractBeanFactory.getBean(AbstractBeanFactory.java:202)
	at org.springframework.beans.factory.support.DefaultListableBeanFactory.instantiateSingleton(DefaultListableBeanFactory.java:1228)
	at org.springframework.beans.factory.support.DefaultListableBeanFactory.preInstantiateSingleton(DefaultListableBeanFactory.java:1194)
	at org.springframework.beans.factory.support.DefaultListableBeanFactory.preInstantiateSingletons(DefaultListableBeanFactory.java:1130)
	at org.springframework.context.support.AbstractApplicationContext.finishBeanFactoryInitialization(AbstractApplicationContext.java:990)
	at org.springframework.context.support.AbstractApplicationContext.refresh(AbstractApplicationContext.java:627)
	at org.springframework.boot.web.servlet.context.ServletWebServerApplicationContext.refresh(ServletWebServerApplicationContext.java:146)
	at org.springframework.boot.SpringApplication.refresh(SpringApplication.java:752)
	at org.springframework.boot.SpringApplication.refreshContext(SpringApplication.java:439)
	at org.springframework.boot.SpringApplication.run(SpringApplication.java:318)
	at org.springframework.boot.SpringApplication.run(SpringApplication.java:1361)
	at org.springframework.boot.SpringApplication.run(SpringApplication.java:1350)
	at cn.caigh.coding_platform.CodingPlatformApplication.main(CodingPlatformApplication.java:13)
Caused by: org.springframework.beans.factory.BeanCreationException: Error creating bean with name 'filterChain' defined in class path resource [cn/caigh/coding_platform/config/WebSecurityConfig.class]: Failed to instantiate [org.springframework.security.web.SecurityFilterChain]: Factory method 'filterChain' threw exception with message: Pattern cannot be null or empty
	at org.springframework.beans.factory.support.ConstructorResolver.instantiate(ConstructorResolver.java:657)
	at org.springframework.beans.factory.support.ConstructorResolver.instantiateUsingFactoryMethod(ConstructorResolver.java:645)
	at org.springframework.beans.factory.support.AbstractAutowireCapableBeanFactory.instantiateUsingFactoryMethod(AbstractAutowireCapableBeanFactory.java:1375)
	at org.springframework.beans.factory.support.AbstractAutowireCapableBeanFactory.createBeanInstance(AbstractAutowireCapableBeanFactory.java:1205)
	at org.springframework.beans.factory.support.AbstractAutowireCapableBeanFactory.doCreateBean(AbstractAutowireCapableBeanFactory.java:569)
	at org.springframework.beans.factory.support.AbstractAutowireCapableBeanFactory.createBean(AbstractAutowireCapableBeanFactory.java:529)
	at org.springframework.beans.factory.support.AbstractBeanFactory.lambda$doGetBean$0(AbstractBeanFactory.java:339)
	at org.springframework.beans.factory.support.DefaultSingletonBeanRegistry.getSingleton(DefaultSingletonBeanRegistry.java:373)
	at org.springframework.beans.factory.support.AbstractBeanFactory.doGetBean(AbstractBeanFactory.java:337)
	at org.springframework.beans.factory.support.AbstractBeanFactory.getBean(AbstractBeanFactory.java:202)
	at org.springframework.beans.factory.config.DependencyDescriptor.resolveCandidate(DependencyDescriptor.java:254)
	at org.springframework.beans.factory.support.DefaultListableBeanFactory.addCandidateEntry(DefaultListableBeanFactory.java:2022)
	at org.springframework.beans.factory.support.DefaultListableBeanFactory.findAutowireCandidates(DefaultListableBeanFactory.java:1985)
	at org.springframework.beans.factory.support.DefaultListableBeanFactory.resolveMultipleBeanCollection(DefaultListableBeanFactory.java:1875)
	at org.springframework.beans.factory.support.DefaultListableBeanFactory.resolveMultipleBeans(DefaultListableBeanFactory.java:1843)
	at org.springframework.beans.factory.support.DefaultListableBeanFactory.doResolveDependency(DefaultListableBeanFactory.java:1719)
	at org.springframework.beans.factory.support.DefaultListableBeanFactory.resolveDependency(DefaultListableBeanFactory.java:1653)
	at org.springframework.beans.factory.annotation.AutowiredAnnotationBeanPostProcessor$AutowiredMethodElement.resolveMethodArguments(AutowiredAnnotationBeanPostProcessor.java:887)
	... 22 common frames omitted
Caused by: org.springframework.beans.BeanInstantiationException: Failed to instantiate [org.springframework.security.web.SecurityFilterChain]: Factory method 'filterChain' threw exception with message: Pattern cannot be null or empty
	at org.springframework.beans.factory.support.SimpleInstantiationStrategy.lambda$instantiate$0(SimpleInstantiationStrategy.java:200)
	at org.springframework.beans.factory.support.SimpleInstantiationStrategy.instantiateWithFactoryMethod(SimpleInstantiationStrategy.java:89)
	at org.springframework.beans.factory.support.SimpleInstantiationStrategy.instantiate(SimpleInstantiationStrategy.java:169)
	at org.springframework.beans.factory.support.ConstructorResolver.instantiate(ConstructorResolver.java:653)
	... 39 common frames omitted
Caused by: java.lang.IllegalArgumentException: Pattern cannot be null or empty
	at org.springframework.util.Assert.hasText(Assert.java:253)
	at org.springframework.security.web.util.matcher.AntPathRequestMatcher.<init>(AntPathRequestMatcher.java:155)
	at org.springframework.security.web.util.matcher.AntPathRequestMatcher.<init>(AntPathRequestMatcher.java:140)
	at org.springframework.security.web.util.matcher.AntPathRequestMatcher.<init>(AntPathRequestMatcher.java:128)
	at org.springframework.security.config.annotation.web.AbstractRequestMatcherRegistry.requestMatchers(AbstractRequestMatcherRegistry.java:225)
	at org.springframework.security.config.annotation.web.AbstractRequestMatcherRegistry.requestMatchers(AbstractRequestMatcherRegistry.java:304)
	at cn.caigh.coding_platform.config.WebSecurityConfig.lambda$filterChain$2(WebSecurityConfig.java:58)
	at org.springframework.security.config.annotation.web.builders.HttpSecurity.authorizeHttpRequests(HttpSecurity.java:1491)
	at cn.caigh.coding_platform.config.WebSecurityConfig.filterChain(WebSecurityConfig.java:56)
	at cn.caigh.coding_platform.config.WebSecurityConfig$$SpringCGLIB$$0.CGLIB$filterChain$3(<generated>)
	at cn.caigh.coding_platform.config.WebSecurityConfig$$SpringCGLIB$$FastClass$$1.invoke(<generated>)
	at org.springframework.cglib.proxy.MethodProxy.invokeSuper(MethodProxy.java:258)
	at org.springframework.context.annotation.ConfigurationClassEnhancer$BeanMethodInterceptor.intercept(ConfigurationClassEnhancer.java:400)
	at cn.caigh.coding_platform.config.WebSecurityConfig$$SpringCGLIB$$0.filterChain(<generated>)
	at java.base/jdk.internal.reflect.NativeMethodAccessorImpl.invoke0(Native Method)
	at java.base/jdk.internal.reflect.NativeMethodAccessorImpl.invoke(NativeMethodAccessorImpl.java:77)
	at java.base/jdk.internal.reflect.DelegatingMethodAccessorImpl.invoke(DelegatingMethodAccessorImpl.java:43)
	at java.base/java.lang.reflect.Method.invoke(Method.java:568)
	at org.springframework.beans.factory.support.SimpleInstantiationStrategy.lambda$instantiate$0(SimpleInstantiationStrategy.java:172)
	... 42 common frames omitted
2026-02-01 19:45:12.625 [background-preinit] INFO  o.h.validator.internal.util.Version - HV000001: Hibernate Validator 8.0.3.Final
2026-02-01 19:45:12.665 [main] INFO  c.c.c.CodingPlatformApplication - Starting CodingPlatformApplication using Java 17.0.12 with PID 2180 (F:\my-github\coding-platform\coding-platform-web\target\classes started by Caigh in F:\my-github\coding-platform\coding-platform-web)
2026-02-01 19:45:12.666 [main] INFO  c.c.c.CodingPlatformApplication - No active profile set, falling back to 1 default profile: "default"
2026-02-01 19:45:13.240 [main] INFO  o.s.d.r.c.RepositoryConfigurationDelegate - Multiple Spring Data modules found, entering strict repository configuration mode
2026-02-01 19:45:13.241 [main] INFO  o.s.d.r.c.RepositoryConfigurationDelegate - Bootstrapping Spring Data Redis repositories in DEFAULT mode.
2026-02-01 19:45:13.264 [main] INFO  o.s.d.r.c.RepositoryConfigurationDelegate - Finished Spring Data repository scanning in 11 ms. Found 0 Redis repository interfaces.
2026-02-01 19:45:13.367 [main] DEBUG o.m.s.mapper.ClassPathMapperScanner - Identified candidate component class: file [F:\my-github\coding-platform\coding-platform-web\target\classes\cn\caigh\coding_platform\dao\UserDao.class]
2026-02-01 19:45:13.369 [main] DEBUG o.m.s.mapper.ClassPathMapperScanner - Creating MapperFactoryBean with name 'userDao' and 'cn.caigh.coding_platform.dao.UserDao' mapperInterface
2026-02-01 19:45:13.370 [main] DEBUG o.m.s.mapper.ClassPathMapperScanner - Enabling autowire by type for MapperFactoryBean with name 'userDao'.
2026-02-01 19:45:13.952 [main] INFO  o.s.b.w.e.tomcat.TomcatWebServer - Tomcat initialized with port 8080 (http)
2026-02-01 19:45:13.963 [main] INFO  o.a.coyote.http11.Http11NioProtocol - Initializing ProtocolHandler ["http-nio-8080"]
2026-02-01 19:45:13.964 [main] INFO  o.a.catalina.core.StandardService - Starting service [Tomcat]
2026-02-01 19:45:13.964 [main] INFO  o.a.catalina.core.StandardEngine - Starting Servlet engine: [Apache Tomcat/10.1.50]
2026-02-01 19:45:14.012 [main] INFO  o.a.c.c.C.[.[localhost].[/api] - Initializing Spring embedded WebApplicationContext
2026-02-01 19:45:14.012 [main] INFO  o.s.b.w.s.c.ServletWebServerApplicationContext - Root WebApplicationContext: initialization completed in 1301 ms
2026-02-01 19:45:14.567 [main] DEBUG o.m.spring.SqlSessionFactoryBean - Property 'mapperLocations' was not specified.
2026-02-01 19:45:14.964 [main] INFO  o.s.s.c.a.a.c.InitializeUserDetailsBeanManagerConfigurer$InitializeUserDetailsManagerConfigurer - Global AuthenticationManager configured with UserDetailsService bean with name userDetailsServiceImpl
2026-02-01 19:45:15.098 [main] WARN  o.s.s.c.a.w.c.AuthorizeHttpRequestsConfigurer$AuthorizationManagerRequestMatcherRegistry - One of the patterns in [] is missing a leading slash. This is discouraged; please include the leading slash in all your request matcher patterns. In future versions of Spring Security, leaving out the leading slash will result in an exception.
2026-02-01 19:45:15.100 [main] WARN  o.s.b.w.s.c.AnnotationConfigServletWebServerApplicationContext - Exception encountered during context initialization - cancelling refresh attempt: org.springframework.beans.factory.UnsatisfiedDependencyException: Error creating bean with name 'org.springframework.security.config.annotation.web.configuration.WebSecurityConfiguration': Unsatisfied dependency expressed through method 'setFilterChains' parameter 0: Error creating bean with name 'filterChain' defined in class path resource [cn/caigh/coding_platform/config/WebSecurityConfig.class]: Failed to instantiate [org.springframework.security.web.SecurityFilterChain]: Factory method 'filterChain' threw exception with message: Pattern cannot be null or empty
2026-02-01 19:45:15.100 [main] INFO  c.alibaba.druid.pool.DruidDataSource - {dataSource-0} closing ...
2026-02-01 19:45:15.107 [main] INFO  o.a.catalina.core.StandardService - Stopping service [Tomcat]
2026-02-01 19:45:15.186 [main] INFO  o.s.b.a.l.ConditionEvaluationReportLogger - 

Error starting ApplicationContext. To display the condition evaluation report re-run your application with 'debug' enabled.
2026-02-01 19:45:15.222 [main] ERROR o.s.boot.SpringApplication - Application run failed
org.springframework.beans.factory.UnsatisfiedDependencyException: Error creating bean with name 'org.springframework.security.config.annotation.web.configuration.WebSecurityConfiguration': Unsatisfied dependency expressed through method 'setFilterChains' parameter 0: Error creating bean with name 'filterChain' defined in class path resource [cn/caigh/coding_platform/config/WebSecurityConfig.class]: Failed to instantiate [org.springframework.security.web.SecurityFilterChain]: Factory method 'filterChain' threw exception with message: Pattern cannot be null or empty
	at org.springframework.beans.factory.annotation.AutowiredAnnotationBeanPostProcessor$AutowiredMethodElement.resolveMethodArguments(AutowiredAnnotationBeanPostProcessor.java:895)
	at org.springframework.beans.factory.annotation.AutowiredAnnotationBeanPostProcessor$AutowiredMethodElement.inject(AutowiredAnnotationBeanPostProcessor.java:848)
	at org.springframework.beans.factory.annotation.InjectionMetadata.inject(InjectionMetadata.java:146)
	at org.springframework.beans.factory.annotation.AutowiredAnnotationBeanPostProcessor.postProcessProperties(AutowiredAnnotationBeanPostProcessor.java:509)
	at org.springframework.beans.factory.support.AbstractAutowireCapableBeanFactory.populateBean(AbstractAutowireCapableBeanFactory.java:1459)
	at org.springframework.beans.factory.support.AbstractAutowireCapableBeanFactory.doCreateBean(AbstractAutowireCapableBeanFactory.java:606)
	at org.springframework.beans.factory.support.AbstractAutowireCapableBeanFactory.createBean(AbstractAutowireCapableBeanFactory.java:529)
	at org.springframework.beans.factory.support.AbstractBeanFactory.lambda$doGetBean$0(AbstractBeanFactory.java:339)
	at org.springframework.beans.factory.support.DefaultSingletonBeanRegistry.getSingleton(DefaultSingletonBeanRegistry.java:373)
	at org.springframework.beans.factory.support.AbstractBeanFactory.doGetBean(AbstractBeanFactory.java:337)
	at org.springframework.beans.factory.support.AbstractBeanFactory.getBean(AbstractBeanFactory.java:202)
	at org.springframework.beans.factory.support.DefaultListableBeanFactory.instantiateSingleton(DefaultListableBeanFactory.java:1228)
	at org.springframework.beans.factory.support.DefaultListableBeanFactory.preInstantiateSingleton(DefaultListableBeanFactory.java:1194)
	at org.springframework.beans.factory.support.DefaultListableBeanFactory.preInstantiateSingletons(DefaultListableBeanFactory.java:1130)
	at org.springframework.context.support.AbstractApplicationContext.finishBeanFactoryInitialization(AbstractApplicationContext.java:990)
	at org.springframework.context.support.AbstractApplicationContext.refresh(AbstractApplicationContext.java:627)
	at org.springframework.boot.web.servlet.context.ServletWebServerApplicationContext.refresh(ServletWebServerApplicationContext.java:146)
	at org.springframework.boot.SpringApplication.refresh(SpringApplication.java:752)
	at org.springframework.boot.SpringApplication.refreshContext(SpringApplication.java:439)
	at org.springframework.boot.SpringApplication.run(SpringApplication.java:318)
	at org.springframework.boot.SpringApplication.run(SpringApplication.java:1361)
	at org.springframework.boot.SpringApplication.run(SpringApplication.java:1350)
	at cn.caigh.coding_platform.CodingPlatformApplication.main(CodingPlatformApplication.java:13)
Caused by: org.springframework.beans.factory.BeanCreationException: Error creating bean with name 'filterChain' defined in class path resource [cn/caigh/coding_platform/config/WebSecurityConfig.class]: Failed to instantiate [org.springframework.security.web.SecurityFilterChain]: Factory method 'filterChain' threw exception with message: Pattern cannot be null or empty
	at org.springframework.beans.factory.support.ConstructorResolver.instantiate(ConstructorResolver.java:657)
	at org.springframework.beans.factory.support.ConstructorResolver.instantiateUsingFactoryMethod(ConstructorResolver.java:645)
	at org.springframework.beans.factory.support.AbstractAutowireCapableBeanFactory.instantiateUsingFactoryMethod(AbstractAutowireCapableBeanFactory.java:1375)
	at org.springframework.beans.factory.support.AbstractAutowireCapableBeanFactory.createBeanInstance(AbstractAutowireCapableBeanFactory.java:1205)
	at org.springframework.beans.factory.support.AbstractAutowireCapableBeanFactory.doCreateBean(AbstractAutowireCapableBeanFactory.java:569)
	at org.springframework.beans.factory.support.AbstractAutowireCapableBeanFactory.createBean(AbstractAutowireCapableBeanFactory.java:529)
	at org.springframework.beans.factory.support.AbstractBeanFactory.lambda$doGetBean$0(AbstractBeanFactory.java:339)
	at org.springframework.beans.factory.support.DefaultSingletonBeanRegistry.getSingleton(DefaultSingletonBeanRegistry.java:373)
	at org.springframework.beans.factory.support.AbstractBeanFactory.doGetBean(AbstractBeanFactory.java:337)
	at org.springframework.beans.factory.support.AbstractBeanFactory.getBean(AbstractBeanFactory.java:202)
	at org.springframework.beans.factory.config.DependencyDescriptor.resolveCandidate(DependencyDescriptor.java:254)
	at org.springframework.beans.factory.support.DefaultListableBeanFactory.addCandidateEntry(DefaultListableBeanFactory.java:2022)
	at org.springframework.beans.factory.support.DefaultListableBeanFactory.findAutowireCandidates(DefaultListableBeanFactory.java:1985)
	at org.springframework.beans.factory.support.DefaultListableBeanFactory.resolveMultipleBeanCollection(DefaultListableBeanFactory.java:1875)
	at org.springframework.beans.factory.support.DefaultListableBeanFactory.resolveMultipleBeans(DefaultListableBeanFactory.java:1843)
	at org.springframework.beans.factory.support.DefaultListableBeanFactory.doResolveDependency(DefaultListableBeanFactory.java:1719)
	at org.springframework.beans.factory.support.DefaultListableBeanFactory.resolveDependency(DefaultListableBeanFactory.java:1653)
	at org.springframework.beans.factory.annotation.AutowiredAnnotationBeanPostProcessor$AutowiredMethodElement.resolveMethodArguments(AutowiredAnnotationBeanPostProcessor.java:887)
	... 22 common frames omitted
Caused by: org.springframework.beans.BeanInstantiationException: Failed to instantiate [org.springframework.security.web.SecurityFilterChain]: Factory method 'filterChain' threw exception with message: Pattern cannot be null or empty
	at org.springframework.beans.factory.support.SimpleInstantiationStrategy.lambda$instantiate$0(SimpleInstantiationStrategy.java:200)
	at org.springframework.beans.factory.support.SimpleInstantiationStrategy.instantiateWithFactoryMethod(SimpleInstantiationStrategy.java:89)
	at org.springframework.beans.factory.support.SimpleInstantiationStrategy.instantiate(SimpleInstantiationStrategy.java:169)
	at org.springframework.beans.factory.support.ConstructorResolver.instantiate(ConstructorResolver.java:653)
	... 39 common frames omitted
Caused by: java.lang.IllegalArgumentException: Pattern cannot be null or empty
	at org.springframework.util.Assert.hasText(Assert.java:253)
	at org.springframework.security.web.util.matcher.AntPathRequestMatcher.<init>(AntPathRequestMatcher.java:155)
	at org.springframework.security.web.util.matcher.AntPathRequestMatcher.<init>(AntPathRequestMatcher.java:140)
	at org.springframework.security.web.util.matcher.AntPathRequestMatcher.<init>(AntPathRequestMatcher.java:128)
	at org.springframework.security.config.annotation.web.AbstractRequestMatcherRegistry.requestMatchers(AbstractRequestMatcherRegistry.java:225)
	at org.springframework.security.config.annotation.web.AbstractRequestMatcherRegistry.requestMatchers(AbstractRequestMatcherRegistry.java:304)
	at cn.caigh.coding_platform.config.WebSecurityConfig.lambda$filterChain$2(WebSecurityConfig.java:52)
	at org.springframework.security.config.annotation.web.builders.HttpSecurity.authorizeHttpRequests(HttpSecurity.java:1491)
	at cn.caigh.coding_platform.config.WebSecurityConfig.filterChain(WebSecurityConfig.java:50)
	at cn.caigh.coding_platform.config.WebSecurityConfig$$SpringCGLIB$$0.CGLIB$filterChain$2(<generated>)
	at cn.caigh.coding_platform.config.WebSecurityConfig$$SpringCGLIB$$FastClass$$1.invoke(<generated>)
	at org.springframework.cglib.proxy.MethodProxy.invokeSuper(MethodProxy.java:258)
	at org.springframework.context.annotation.ConfigurationClassEnhancer$BeanMethodInterceptor.intercept(ConfigurationClassEnhancer.java:400)
	at cn.caigh.coding_platform.config.WebSecurityConfig$$SpringCGLIB$$0.filterChain(<generated>)
	at java.base/jdk.internal.reflect.NativeMethodAccessorImpl.invoke0(Native Method)
	at java.base/jdk.internal.reflect.NativeMethodAccessorImpl.invoke(NativeMethodAccessorImpl.java:77)
	at java.base/jdk.internal.reflect.DelegatingMethodAccessorImpl.invoke(DelegatingMethodAccessorImpl.java:43)
	at java.base/java.lang.reflect.Method.invoke(Method.java:568)
	at org.springframework.beans.factory.support.SimpleInstantiationStrategy.lambda$instantiate$0(SimpleInstantiationStrategy.java:172)
	... 42 common frames omitted
2026-02-01 19:46:04.808 [background-preinit] INFO  o.h.validator.internal.util.Version - HV000001: Hibernate Validator 8.0.3.Final
2026-02-01 19:46:04.843 [main] INFO  c.c.c.CodingPlatformApplication - Starting CodingPlatformApplication using Java 17.0.12 with PID 30400 (F:\my-github\coding-platform\coding-platform-web\target\classes started by Caigh in F:\my-github\coding-platform\coding-platform-web)
2026-02-01 19:46:04.845 [main] INFO  c.c.c.CodingPlatformApplication - No active profile set, falling back to 1 default profile: "default"
2026-02-01 19:46:05.416 [main] INFO  o.s.d.r.c.RepositoryConfigurationDelegate - Multiple Spring Data modules found, entering strict repository configuration mode
2026-02-01 19:46:05.418 [main] INFO  o.s.d.r.c.RepositoryConfigurationDelegate - Bootstrapping Spring Data Redis repositories in DEFAULT mode.
2026-02-01 19:46:05.449 [main] INFO  o.s.d.r.c.RepositoryConfigurationDelegate - Finished Spring Data repository scanning in 10 ms. Found 0 Redis repository interfaces.
2026-02-01 19:46:05.541 [main] DEBUG o.m.s.mapper.ClassPathMapperScanner - Identified candidate component class: file [F:\my-github\coding-platform\coding-platform-web\target\classes\cn\caigh\coding_platform\dao\UserDao.class]
2026-02-01 19:46:05.543 [main] DEBUG o.m.s.mapper.ClassPathMapperScanner - Creating MapperFactoryBean with name 'userDao' and 'cn.caigh.coding_platform.dao.UserDao' mapperInterface
2026-02-01 19:46:05.545 [main] DEBUG o.m.s.mapper.ClassPathMapperScanner - Enabling autowire by type for MapperFactoryBean with name 'userDao'.
2026-02-01 19:46:06.170 [main] INFO  o.s.b.w.e.tomcat.TomcatWebServer - Tomcat initialized with port 8080 (http)
2026-02-01 19:46:06.181 [main] INFO  o.a.coyote.http11.Http11NioProtocol - Initializing ProtocolHandler ["http-nio-8080"]
2026-02-01 19:46:06.182 [main] INFO  o.a.catalina.core.StandardService - Starting service [Tomcat]
2026-02-01 19:46:06.183 [main] INFO  o.a.catalina.core.StandardEngine - Starting Servlet engine: [Apache Tomcat/10.1.50]
2026-02-01 19:46:06.239 [main] INFO  o.a.c.c.C.[.[localhost].[/api] - Initializing Spring embedded WebApplicationContext
2026-02-01 19:46:06.240 [main] INFO  o.s.b.w.s.c.ServletWebServerApplicationContext - Root WebApplicationContext: initialization completed in 1355 ms
2026-02-01 19:46:06.823 [main] DEBUG o.m.spring.SqlSessionFactoryBean - Property 'mapperLocations' was not specified.
2026-02-01 19:46:07.257 [main] INFO  o.s.s.c.a.a.c.InitializeUserDetailsBeanManagerConfigurer$InitializeUserDetailsManagerConfigurer - Global AuthenticationManager configured with UserDetailsService bean with name userDetailsServiceImpl
2026-02-01 19:46:07.430 [main] DEBUG o.s.s.web.DefaultSecurityFilterChain - Will secure any request with filters: DisableEncodeUrlFilter, WebAsyncManagerIntegrationFilter, SecurityContextHolderFilter, HeaderWriterFilter, CorsFilter, LogoutFilter, RequestCacheAwareFilter, SecurityContextHolderAwareRequestFilter, AnonymousAuthenticationFilter, SessionManagementFilter, ExceptionTranslationFilter, AuthorizationFilter
2026-02-01 19:46:08.307 [main] INFO  o.a.coyote.http11.Http11NioProtocol - Starting ProtocolHandler ["http-nio-8080"]
2026-02-01 19:46:08.337 [main] INFO  o.s.b.w.e.tomcat.TomcatWebServer - Tomcat started on port 8080 (http) with context path '/api'
2026-02-01 19:46:08.347 [main] INFO  c.c.c.CodingPlatformApplication - Started CodingPlatformApplication in 3.755 seconds (process running for 4.07)
2026-02-01 19:46:15.792 [SpringApplicationShutdownHook] INFO  o.s.b.w.e.tomcat.GracefulShutdown - Commencing graceful shutdown. Waiting for active requests to complete
2026-02-01 19:46:16.069 [tomcat-shutdown] INFO  o.s.b.w.e.tomcat.GracefulShutdown - Graceful shutdown complete
2026-02-01 19:46:16.077 [SpringApplicationShutdownHook] INFO  c.alibaba.druid.pool.DruidDataSource - {dataSource-0} closing ...
2026-02-01 19:46:17.775 [background-preinit] INFO  o.h.validator.internal.util.Version - HV000001: Hibernate Validator 8.0.3.Final
2026-02-01 19:46:17.806 [main] INFO  c.c.c.CodingPlatformApplication - Starting CodingPlatformApplication using Java 17.0.12 with PID 23020 (F:\my-github\coding-platform\coding-platform-web\target\classes started by Caigh in F:\my-github\coding-platform\coding-platform-web)
2026-02-01 19:46:17.806 [main] INFO  c.c.c.CodingPlatformApplication - No active profile set, falling back to 1 default profile: "default"
2026-02-01 19:46:18.403 [main] INFO  o.s.d.r.c.RepositoryConfigurationDelegate - Multiple Spring Data modules found, entering strict repository configuration mode
2026-02-01 19:46:18.405 [main] INFO  o.s.d.r.c.RepositoryConfigurationDelegate - Bootstrapping Spring Data Redis repositories in DEFAULT mode.
2026-02-01 19:46:18.432 [main] INFO  o.s.d.r.c.RepositoryConfigurationDelegate - Finished Spring Data repository scanning in 14 ms. Found 0 Redis repository interfaces.
2026-02-01 19:46:18.535 [main] DEBUG o.m.s.mapper.ClassPathMapperScanner - Identified candidate component class: file [F:\my-github\coding-platform\coding-platform-web\target\classes\cn\caigh\coding_platform\dao\UserDao.class]
2026-02-01 19:46:18.536 [main] DEBUG o.m.s.mapper.ClassPathMapperScanner - Creating MapperFactoryBean with name 'userDao' and 'cn.caigh.coding_platform.dao.UserDao' mapperInterface
2026-02-01 19:46:18.537 [main] DEBUG o.m.s.mapper.ClassPathMapperScanner - Enabling autowire by type for MapperFactoryBean with name 'userDao'.
2026-02-01 19:46:19.143 [main] INFO  o.s.b.w.e.tomcat.TomcatWebServer - Tomcat initialized with port 8080 (http)
2026-02-01 19:46:19.154 [main] INFO  o.a.coyote.http11.Http11NioProtocol - Initializing ProtocolHandler ["http-nio-8080"]
2026-02-01 19:46:19.156 [main] INFO  o.a.catalina.core.StandardService - Starting service [Tomcat]
2026-02-01 19:46:19.156 [main] INFO  o.a.catalina.core.StandardEngine - Starting Servlet engine: [Apache Tomcat/10.1.50]
2026-02-01 19:46:19.214 [main] INFO  o.a.c.c.C.[.[localhost].[/api] - Initializing Spring embedded WebApplicationContext
2026-02-01 19:46:19.214 [main] INFO  o.s.b.w.s.c.ServletWebServerApplicationContext - Root WebApplicationContext: initialization completed in 1374 ms
2026-02-01 19:46:19.808 [main] DEBUG o.m.spring.SqlSessionFactoryBean - Property 'mapperLocations' was not specified.
2026-02-01 19:46:20.200 [main] INFO  o.s.s.c.a.a.c.InitializeUserDetailsBeanManagerConfigurer$InitializeUserDetailsManagerConfigurer - Global AuthenticationManager configured with UserDetailsService bean with name userDetailsServiceImpl
2026-02-01 19:46:20.359 [main] DEBUG o.s.s.web.DefaultSecurityFilterChain - Will secure any request with filters: DisableEncodeUrlFilter, WebAsyncManagerIntegrationFilter, SecurityContextHolderFilter, HeaderWriterFilter, CorsFilter, LogoutFilter, RequestCacheAwareFilter, SecurityContextHolderAwareRequestFilter, AnonymousAuthenticationFilter, SessionManagementFilter, ExceptionTranslationFilter, AuthorizationFilter
2026-02-01 19:46:21.071 [main] INFO  o.a.coyote.http11.Http11NioProtocol - Starting ProtocolHandler ["http-nio-8080"]
2026-02-01 19:46:21.101 [main] INFO  o.s.b.w.e.tomcat.TomcatWebServer - Tomcat started on port 8080 (http) with context path '/api'
2026-02-01 19:46:21.113 [main] INFO  c.c.c.CodingPlatformApplication - Started CodingPlatformApplication in 3.541 seconds (process running for 3.849)
2026-02-01 19:46:28.363 [SpringApplicationShutdownHook] INFO  o.s.b.w.e.tomcat.GracefulShutdown - Commencing graceful shutdown. Waiting for active requests to complete
2026-02-01 19:46:28.632 [tomcat-shutdown] INFO  o.s.b.w.e.tomcat.GracefulShutdown - Graceful shutdown complete
2026-02-01 19:46:28.641 [SpringApplicationShutdownHook] INFO  c.alibaba.druid.pool.DruidDataSource - {dataSource-0} closing ...
2026-02-01 19:46:30.395 [background-preinit] INFO  o.h.validator.internal.util.Version - HV000001: Hibernate Validator 8.0.3.Final
2026-02-01 19:46:30.427 [main] INFO  c.c.c.CodingPlatformApplication - Starting CodingPlatformApplication using Java 17.0.12 with PID 28316 (F:\my-github\coding-platform\coding-platform-web\target\classes started by Caigh in F:\my-github\coding-platform\coding-platform-web)
2026-02-01 19:46:30.428 [main] INFO  c.c.c.CodingPlatformApplication - No active profile set, falling back to 1 default profile: "default"
2026-02-01 19:46:30.999 [main] INFO  o.s.d.r.c.RepositoryConfigurationDelegate - Multiple Spring Data modules found, entering strict repository configuration mode
2026-02-01 19:46:31.000 [main] INFO  o.s.d.r.c.RepositoryConfigurationDelegate - Bootstrapping Spring Data Redis repositories in DEFAULT mode.
2026-02-01 19:46:31.026 [main] INFO  o.s.d.r.c.RepositoryConfigurationDelegate - Finished Spring Data repository scanning in 14 ms. Found 0 Redis repository interfaces.
2026-02-01 19:46:31.135 [main] DEBUG o.m.s.mapper.ClassPathMapperScanner - Identified candidate component class: file [F:\my-github\coding-platform\coding-platform-web\target\classes\cn\caigh\coding_platform\dao\UserDao.class]
2026-02-01 19:46:31.137 [main] DEBUG o.m.s.mapper.ClassPathMapperScanner - Creating MapperFactoryBean with name 'userDao' and 'cn.caigh.coding_platform.dao.UserDao' mapperInterface
2026-02-01 19:46:31.139 [main] DEBUG o.m.s.mapper.ClassPathMapperScanner - Enabling autowire by type for MapperFactoryBean with name 'userDao'.
2026-02-01 19:46:31.739 [main] INFO  o.s.b.w.e.tomcat.TomcatWebServer - Tomcat initialized with port 8080 (http)
2026-02-01 19:46:31.753 [main] INFO  o.a.coyote.http11.Http11NioProtocol - Initializing ProtocolHandler ["http-nio-8080"]
2026-02-01 19:46:31.755 [main] INFO  o.a.catalina.core.StandardService - Starting service [Tomcat]
2026-02-01 19:46:31.755 [main] INFO  o.a.catalina.core.StandardEngine - Starting Servlet engine: [Apache Tomcat/10.1.50]
2026-02-01 19:46:31.816 [main] INFO  o.a.c.c.C.[.[localhost].[/api] - Initializing Spring embedded WebApplicationContext
2026-02-01 19:46:31.817 [main] INFO  o.s.b.w.s.c.ServletWebServerApplicationContext - Root WebApplicationContext: initialization completed in 1352 ms
2026-02-01 19:46:32.458 [main] DEBUG o.m.spring.SqlSessionFactoryBean - Property 'mapperLocations' was not specified.
2026-02-01 19:46:32.876 [main] INFO  o.s.s.c.a.a.c.InitializeUserDetailsBeanManagerConfigurer$InitializeUserDetailsManagerConfigurer - Global AuthenticationManager configured with UserDetailsService bean with name userDetailsServiceImpl
2026-02-01 19:46:33.042 [main] DEBUG o.s.s.web.DefaultSecurityFilterChain - Will secure any request with filters: DisableEncodeUrlFilter, WebAsyncManagerIntegrationFilter, SecurityContextHolderFilter, HeaderWriterFilter, CorsFilter, LogoutFilter, RequestCacheAwareFilter, SecurityContextHolderAwareRequestFilter, AnonymousAuthenticationFilter, SessionManagementFilter, ExceptionTranslationFilter, AuthorizationFilter
2026-02-01 19:46:33.821 [main] INFO  o.a.coyote.http11.Http11NioProtocol - Starting ProtocolHandler ["http-nio-8080"]
2026-02-01 19:46:33.856 [main] INFO  o.s.b.w.e.tomcat.TomcatWebServer - Tomcat started on port 8080 (http) with context path '/api'
2026-02-01 19:46:33.867 [main] INFO  c.c.c.CodingPlatformApplication - Started CodingPlatformApplication in 3.674 seconds (process running for 3.989)
2026-02-01 19:46:44.137 [http-nio-8080-exec-1] INFO  o.a.c.c.C.[.[localhost].[/api] - Initializing Spring DispatcherServlet 'dispatcherServlet'
2026-02-01 19:46:44.137 [http-nio-8080-exec-1] INFO  o.s.web.servlet.DispatcherServlet - Initializing Servlet 'dispatcherServlet'
2026-02-01 19:46:44.138 [http-nio-8080-exec-1] INFO  o.s.web.servlet.DispatcherServlet - Completed initialization in 1 ms
2026-02-01 19:46:44.149 [http-nio-8080-exec-1] DEBUG o.s.security.web.FilterChainProxy - Securing POST /login/pwd.json
2026-02-01 19:46:44.154 [http-nio-8080-exec-1] DEBUG o.s.s.w.a.AnonymousAuthenticationFilter - Set SecurityContextHolder to anonymous SecurityContext
2026-02-01 19:46:44.155 [http-nio-8080-exec-1] DEBUG o.s.security.web.FilterChainProxy - Secured POST /login/pwd.json
2026-02-01 19:46:44.296 [http-nio-8080-exec-1] INFO  c.alibaba.druid.pool.DruidDataSource - {dataSource-1} inited
2026-02-01 19:46:44.473 [http-nio-8080-exec-1] DEBUG o.s.s.a.d.DaoAuthenticationProvider - Failed to find user '18379908175'
2026-02-01 19:46:44.475 [http-nio-8080-exec-1] DEBUG o.s.s.authentication.ProviderManager - Authentication failed with provider DaoAuthenticationProvider since 用户名或密码错误
2026-02-01 19:47:56.183 [SpringApplicationShutdownHook] INFO  o.s.b.w.e.tomcat.GracefulShutdown - Commencing graceful shutdown. Waiting for active requests to complete
2026-02-01 19:47:56.460 [tomcat-shutdown] INFO  o.s.b.w.e.tomcat.GracefulShutdown - Graceful shutdown complete
2026-02-01 19:47:56.469 [SpringApplicationShutdownHook] INFO  c.alibaba.druid.pool.DruidDataSource - {dataSource-1} closing ...
2026-02-01 19:47:56.472 [SpringApplicationShutdownHook] INFO  c.alibaba.druid.pool.DruidDataSource - {dataSource-1} closed
2026-02-01 19:47:58.503 [background-preinit] INFO  o.h.validator.internal.util.Version - HV000001: Hibernate Validator 8.0.3.Final
2026-02-01 19:47:58.536 [main] INFO  c.c.c.CodingPlatformApplication - Starting CodingPlatformApplication using Java 17.0.12 with PID 14788 (F:\my-github\coding-platform\coding-platform-web\target\classes started by Caigh in F:\my-github\coding-platform\coding-platform-web)
2026-02-01 19:47:58.538 [main] INFO  c.c.c.CodingPlatformApplication - No active profile set, falling back to 1 default profile: "default"
2026-02-01 19:47:59.147 [main] INFO  o.s.d.r.c.RepositoryConfigurationDelegate - Multiple Spring Data modules found, entering strict repository configuration mode
2026-02-01 19:47:59.149 [main] INFO  o.s.d.r.c.RepositoryConfigurationDelegate - Bootstrapping Spring Data Redis repositories in DEFAULT mode.
2026-02-01 19:47:59.175 [main] INFO  o.s.d.r.c.RepositoryConfigurationDelegate - Finished Spring Data repository scanning in 11 ms. Found 0 Redis repository interfaces.
2026-02-01 19:47:59.280 [main] DEBUG o.m.s.mapper.ClassPathMapperScanner - Identified candidate component class: file [F:\my-github\coding-platform\coding-platform-web\target\classes\cn\caigh\coding_platform\dao\UserDao.class]
2026-02-01 19:47:59.282 [main] DEBUG o.m.s.mapper.ClassPathMapperScanner - Creating MapperFactoryBean with name 'userDao' and 'cn.caigh.coding_platform.dao.UserDao' mapperInterface
2026-02-01 19:47:59.284 [main] DEBUG o.m.s.mapper.ClassPathMapperScanner - Enabling autowire by type for MapperFactoryBean with name 'userDao'.
2026-02-01 19:47:59.877 [main] INFO  o.s.b.w.e.tomcat.TomcatWebServer - Tomcat initialized with port 8080 (http)
2026-02-01 19:47:59.887 [main] INFO  o.a.coyote.http11.Http11NioProtocol - Initializing ProtocolHandler ["http-nio-8080"]
2026-02-01 19:47:59.889 [main] INFO  o.a.catalina.core.StandardService - Starting service [Tomcat]
2026-02-01 19:47:59.890 [main] INFO  o.a.catalina.core.StandardEngine - Starting Servlet engine: [Apache Tomcat/10.1.50]
2026-02-01 19:47:59.938 [main] INFO  o.a.c.c.C.[.[localhost].[/api] - Initializing Spring embedded WebApplicationContext
2026-02-01 19:47:59.939 [main] INFO  o.s.b.w.s.c.ServletWebServerApplicationContext - Root WebApplicationContext: initialization completed in 1365 ms
2026-02-01 19:48:00.549 [main] DEBUG o.m.spring.SqlSessionFactoryBean - Property 'mapperLocations' was not specified.
2026-02-01 19:48:00.971 [main] INFO  o.s.s.c.a.a.c.InitializeUserDetailsBeanManagerConfigurer$InitializeUserDetailsManagerConfigurer - Global AuthenticationManager configured with UserDetailsService bean with name userDetailsServiceImpl
2026-02-01 19:48:01.126 [main] DEBUG o.s.s.web.DefaultSecurityFilterChain - Will secure any request with filters: DisableEncodeUrlFilter, WebAsyncManagerIntegrationFilter, SecurityContextHolderFilter, HeaderWriterFilter, CorsFilter, LogoutFilter, RequestCacheAwareFilter, SecurityContextHolderAwareRequestFilter, AnonymousAuthenticationFilter, SessionManagementFilter, ExceptionTranslationFilter, AuthorizationFilter
2026-02-01 19:48:01.797 [main] INFO  o.a.coyote.http11.Http11NioProtocol - Starting ProtocolHandler ["http-nio-8080"]
2026-02-01 19:48:01.830 [main] INFO  o.s.b.w.e.tomcat.TomcatWebServer - Tomcat started on port 8080 (http) with context path '/api'
2026-02-01 19:48:01.841 [main] INFO  c.c.c.CodingPlatformApplication - Started CodingPlatformApplication in 3.575 seconds (process running for 3.874)
2026-02-01 19:48:05.889 [http-nio-8080-exec-2] INFO  o.a.c.c.C.[.[localhost].[/api] - Initializing Spring DispatcherServlet 'dispatcherServlet'
2026-02-01 19:48:05.890 [http-nio-8080-exec-2] INFO  o.s.web.servlet.DispatcherServlet - Initializing Servlet 'dispatcherServlet'
2026-02-01 19:48:05.890 [http-nio-8080-exec-2] INFO  o.s.web.servlet.DispatcherServlet - Completed initialization in 0 ms
2026-02-01 19:48:05.907 [http-nio-8080-exec-2] DEBUG o.s.security.web.FilterChainProxy - Securing POST /login/pwd.json
2026-02-01 19:48:05.910 [http-nio-8080-exec-2] DEBUG o.s.s.w.a.AnonymousAuthenticationFilter - Set SecurityContextHolder to anonymous SecurityContext
2026-02-01 19:48:05.911 [http-nio-8080-exec-2] DEBUG o.s.security.web.FilterChainProxy - Secured POST /login/pwd.json
2026-02-01 19:48:06.050 [http-nio-8080-exec-2] INFO  c.alibaba.druid.pool.DruidDataSource - {dataSource-1} inited
2026-02-01 19:48:06.239 [http-nio-8080-exec-2] DEBUG o.s.s.a.d.DaoAuthenticationProvider - Failed to find user '18379908175'
2026-02-01 19:48:06.241 [http-nio-8080-exec-2] DEBUG o.s.s.authentication.ProviderManager - Authentication failed with provider DaoAuthenticationProvider since 用户名或密码错误
2026-02-01 19:49:42.746 [SpringApplicationShutdownHook] INFO  o.s.b.w.e.tomcat.GracefulShutdown - Commencing graceful shutdown. Waiting for active requests to complete
2026-02-01 19:49:43.013 [tomcat-shutdown] INFO  o.s.b.w.e.tomcat.GracefulShutdown - Graceful shutdown complete
2026-02-01 19:49:43.023 [SpringApplicationShutdownHook] INFO  c.alibaba.druid.pool.DruidDataSource - {dataSource-1} closing ...
2026-02-01 19:49:43.026 [SpringApplicationShutdownHook] INFO  c.alibaba.druid.pool.DruidDataSource - {dataSource-1} closed
2026-02-01 19:49:45.353 [background-preinit] INFO  o.h.validator.internal.util.Version - HV000001: Hibernate Validator 8.0.3.Final
2026-02-01 19:49:45.379 [main] INFO  c.c.c.CodingPlatformApplication - Starting CodingPlatformApplication using Java 17.0.12 with PID 29832 (F:\my-github\coding-platform\coding-platform-web\target\classes started by Caigh in F:\my-github\coding-platform\coding-platform-web)
2026-02-01 19:49:45.380 [main] INFO  c.c.c.CodingPlatformApplication - No active profile set, falling back to 1 default profile: "default"
2026-02-01 19:49:45.983 [main] INFO  o.s.d.r.c.RepositoryConfigurationDelegate - Multiple Spring Data modules found, entering strict repository configuration mode
2026-02-01 19:49:45.984 [main] INFO  o.s.d.r.c.RepositoryConfigurationDelegate - Bootstrapping Spring Data Redis repositories in DEFAULT mode.
2026-02-01 19:49:46.012 [main] INFO  o.s.d.r.c.RepositoryConfigurationDelegate - Finished Spring Data repository scanning in 12 ms. Found 0 Redis repository interfaces.
2026-02-01 19:49:46.114 [main] DEBUG o.m.s.mapper.ClassPathMapperScanner - Identified candidate component class: file [F:\my-github\coding-platform\coding-platform-web\target\classes\cn\caigh\coding_platform\dao\UserDao.class]
2026-02-01 19:49:46.116 [main] DEBUG o.m.s.mapper.ClassPathMapperScanner - Creating MapperFactoryBean with name 'userDao' and 'cn.caigh.coding_platform.dao.UserDao' mapperInterface
2026-02-01 19:49:46.117 [main] DEBUG o.m.s.mapper.ClassPathMapperScanner - Enabling autowire by type for MapperFactoryBean with name 'userDao'.
2026-02-01 19:49:46.729 [main] INFO  o.s.b.w.e.tomcat.TomcatWebServer - Tomcat initialized with port 8080 (http)
2026-02-01 19:49:46.739 [main] INFO  o.a.coyote.http11.Http11NioProtocol - Initializing ProtocolHandler ["http-nio-8080"]
2026-02-01 19:49:46.741 [main] INFO  o.a.catalina.core.StandardService - Starting service [Tomcat]
2026-02-01 19:49:46.741 [main] INFO  o.a.catalina.core.StandardEngine - Starting Servlet engine: [Apache Tomcat/10.1.50]
2026-02-01 19:49:46.791 [main] INFO  o.a.c.c.C.[.[localhost].[/api] - Initializing Spring embedded WebApplicationContext
2026-02-01 19:49:46.792 [main] INFO  o.s.b.w.s.c.ServletWebServerApplicationContext - Root WebApplicationContext: initialization completed in 1377 ms
2026-02-01 19:49:47.364 [main] DEBUG o.m.spring.SqlSessionFactoryBean - Property 'mapperLocations' was not specified.
2026-02-01 19:49:47.802 [main] INFO  o.s.s.c.a.a.c.InitializeUserDetailsBeanManagerConfigurer$InitializeUserDetailsManagerConfigurer - Global AuthenticationManager configured with UserDetailsService bean with name userDetailsServiceImpl
2026-02-01 19:49:47.978 [main] DEBUG o.s.s.web.DefaultSecurityFilterChain - Will secure any request with filters: DisableEncodeUrlFilter, WebAsyncManagerIntegrationFilter, SecurityContextHolderFilter, HeaderWriterFilter, CorsFilter, LogoutFilter, RequestCacheAwareFilter, SecurityContextHolderAwareRequestFilter, AnonymousAuthenticationFilter, SessionManagementFilter, ExceptionTranslationFilter, AuthorizationFilter
2026-02-01 19:49:48.838 [main] INFO  o.a.coyote.http11.Http11NioProtocol - Starting ProtocolHandler ["http-nio-8080"]
2026-02-01 19:49:48.880 [main] INFO  o.s.b.w.e.tomcat.TomcatWebServer - Tomcat started on port 8080 (http) with context path '/api'
2026-02-01 19:49:48.887 [main] INFO  c.c.c.CodingPlatformApplication - Started CodingPlatformApplication in 3.744 seconds (process running for 4.064)
2026-02-01 19:49:57.864 [http-nio-8080-exec-1] INFO  o.a.c.c.C.[.[localhost].[/api] - Initializing Spring DispatcherServlet 'dispatcherServlet'
2026-02-01 19:49:57.864 [http-nio-8080-exec-1] INFO  o.s.web.servlet.DispatcherServlet - Initializing Servlet 'dispatcherServlet'
2026-02-01 19:49:57.865 [http-nio-8080-exec-1] INFO  o.s.web.servlet.DispatcherServlet - Completed initialization in 1 ms
2026-02-01 19:49:57.880 [http-nio-8080-exec-1] DEBUG o.s.security.web.FilterChainProxy - Securing POST /login/pwd.json
2026-02-01 19:49:57.887 [http-nio-8080-exec-1] DEBUG o.s.s.w.a.AnonymousAuthenticationFilter - Set SecurityContextHolder to anonymous SecurityContext
2026-02-01 19:49:57.888 [http-nio-8080-exec-1] DEBUG o.s.security.web.FilterChainProxy - Secured POST /login/pwd.json
2026-02-01 19:49:58.023 [http-nio-8080-exec-1] INFO  c.alibaba.druid.pool.DruidDataSource - {dataSource-1} inited
2026-02-01 19:49:58.198 [http-nio-8080-exec-1] DEBUG o.s.s.a.d.DaoAuthenticationProvider - Failed to find user '18379908175'
2026-02-01 19:49:58.200 [http-nio-8080-exec-1] DEBUG o.s.s.authentication.ProviderManager - Authentication failed with provider DaoAuthenticationProvider since 用户名或密码错误
2026-02-01 19:51:39.074 [SpringApplicationShutdownHook] INFO  o.s.b.w.e.tomcat.GracefulShutdown - Commencing graceful shutdown. Waiting for active requests to complete
2026-02-01 19:51:39.339 [tomcat-shutdown] INFO  o.s.b.w.e.tomcat.GracefulShutdown - Graceful shutdown complete
2026-02-01 19:51:39.347 [SpringApplicationShutdownHook] INFO  c.alibaba.druid.pool.DruidDataSource - {dataSource-1} closing ...
2026-02-01 19:51:39.351 [SpringApplicationShutdownHook] INFO  c.alibaba.druid.pool.DruidDataSource - {dataSource-1} closed
2026-02-01 19:51:41.434 [background-preinit] INFO  o.h.validator.internal.util.Version - HV000001: Hibernate Validator 8.0.3.Final
2026-02-01 19:51:41.470 [main] INFO  c.c.c.CodingPlatformApplication - Starting CodingPlatformApplication using Java 17.0.12 with PID 29648 (F:\my-github\coding-platform\coding-platform-web\target\classes started by Caigh in F:\my-github\coding-platform\coding-platform-web)
2026-02-01 19:51:41.471 [main] INFO  c.c.c.CodingPlatformApplication - No active profile set, falling back to 1 default profile: "default"
2026-02-01 19:51:42.034 [main] INFO  o.s.d.r.c.RepositoryConfigurationDelegate - Multiple Spring Data modules found, entering strict repository configuration mode
2026-02-01 19:51:42.035 [main] INFO  o.s.d.r.c.RepositoryConfigurationDelegate - Bootstrapping Spring Data Redis repositories in DEFAULT mode.
2026-02-01 19:51:42.061 [main] INFO  o.s.d.r.c.RepositoryConfigurationDelegate - Finished Spring Data repository scanning in 10 ms. Found 0 Redis repository interfaces.
2026-02-01 19:51:42.168 [main] DEBUG o.m.s.mapper.ClassPathMapperScanner - Identified candidate component class: file [F:\my-github\coding-platform\coding-platform-web\target\classes\cn\caigh\coding_platform\dao\UserDao.class]
2026-02-01 19:51:42.170 [main] DEBUG o.m.s.mapper.ClassPathMapperScanner - Creating MapperFactoryBean with name 'userDao' and 'cn.caigh.coding_platform.dao.UserDao' mapperInterface
2026-02-01 19:51:42.171 [main] DEBUG o.m.s.mapper.ClassPathMapperScanner - Enabling autowire by type for MapperFactoryBean with name 'userDao'.
2026-02-01 19:51:42.804 [main] INFO  o.s.b.w.e.tomcat.TomcatWebServer - Tomcat initialized with port 8080 (http)
2026-02-01 19:51:42.820 [main] INFO  o.a.coyote.http11.Http11NioProtocol - Initializing ProtocolHandler ["http-nio-8080"]
2026-02-01 19:51:42.821 [main] INFO  o.a.catalina.core.StandardService - Starting service [Tomcat]
2026-02-01 19:51:42.822 [main] INFO  o.a.catalina.core.StandardEngine - Starting Servlet engine: [Apache Tomcat/10.1.50]
2026-02-01 19:51:42.868 [main] INFO  o.a.c.c.C.[.[localhost].[/api] - Initializing Spring embedded WebApplicationContext
2026-02-01 19:51:42.869 [main] INFO  o.s.b.w.s.c.ServletWebServerApplicationContext - Root WebApplicationContext: initialization completed in 1354 ms
2026-02-01 19:51:43.494 [main] DEBUG o.m.spring.SqlSessionFactoryBean - Property 'mapperLocations' was not specified.
2026-02-01 19:51:43.928 [main] INFO  o.s.s.c.a.a.c.InitializeUserDetailsBeanManagerConfigurer$InitializeUserDetailsManagerConfigurer - Global AuthenticationManager configured with UserDetailsService bean with name userDetailsServiceImpl
2026-02-01 19:51:44.108 [main] DEBUG o.s.s.web.DefaultSecurityFilterChain - Will secure any request with filters: DisableEncodeUrlFilter, WebAsyncManagerIntegrationFilter, SecurityContextHolderFilter, HeaderWriterFilter, CorsFilter, LogoutFilter, RequestCacheAwareFilter, SecurityContextHolderAwareRequestFilter, AnonymousAuthenticationFilter, SessionManagementFilter, ExceptionTranslationFilter, AuthorizationFilter
2026-02-01 19:51:44.994 [main] INFO  o.a.coyote.http11.Http11NioProtocol - Starting ProtocolHandler ["http-nio-8080"]
2026-02-01 19:51:45.031 [main] INFO  o.s.b.w.e.tomcat.TomcatWebServer - Tomcat started on port 8080 (http) with context path '/api'
2026-02-01 19:51:45.043 [main] INFO  c.c.c.CodingPlatformApplication - Started CodingPlatformApplication in 3.846 seconds (process running for 4.164)
2026-02-01 19:51:49.590 [http-nio-8080-exec-2] INFO  o.a.c.c.C.[.[localhost].[/api] - Initializing Spring DispatcherServlet 'dispatcherServlet'
2026-02-01 19:51:49.590 [http-nio-8080-exec-2] INFO  o.s.web.servlet.DispatcherServlet - Initializing Servlet 'dispatcherServlet'
2026-02-01 19:51:49.591 [http-nio-8080-exec-2] INFO  o.s.web.servlet.DispatcherServlet - Completed initialization in 1 ms
2026-02-01 19:51:49.606 [http-nio-8080-exec-2] DEBUG o.s.security.web.FilterChainProxy - Securing POST /login/pwd.json
2026-02-01 19:51:49.611 [http-nio-8080-exec-2] DEBUG o.s.s.w.a.AnonymousAuthenticationFilter - Set SecurityContextHolder to anonymous SecurityContext
2026-02-01 19:51:49.612 [http-nio-8080-exec-2] DEBUG o.s.security.web.FilterChainProxy - Secured POST /login/pwd.json
2026-02-01 19:51:49.762 [http-nio-8080-exec-2] INFO  c.alibaba.druid.pool.DruidDataSource - {dataSource-1} inited
2026-02-01 19:51:49.939 [http-nio-8080-exec-2] DEBUG o.s.s.a.d.DaoAuthenticationProvider - Failed to find user '18379908175'
2026-02-01 19:51:49.943 [http-nio-8080-exec-2] DEBUG o.s.s.authentication.ProviderManager - Authentication failed with provider DaoAuthenticationProvider since 用户名或密码错误
2026-02-01 20:03:00.469 [SpringApplicationShutdownHook] INFO  o.s.b.w.e.tomcat.GracefulShutdown - Commencing graceful shutdown. Waiting for active requests to complete
2026-02-01 20:03:00.748 [tomcat-shutdown] INFO  o.s.b.w.e.tomcat.GracefulShutdown - Graceful shutdown complete
2026-02-01 20:03:00.758 [SpringApplicationShutdownHook] INFO  c.alibaba.druid.pool.DruidDataSource - {dataSource-1} closing ...
2026-02-01 20:03:00.763 [SpringApplicationShutdownHook] INFO  c.alibaba.druid.pool.DruidDataSource - {dataSource-1} closed
2026-02-01 20:03:02.837 [background-preinit] INFO  o.h.validator.internal.util.Version - HV000001: Hibernate Validator 8.0.3.Final
2026-02-01 20:03:02.875 [main] INFO  c.c.c.CodingPlatformApplication - Starting CodingPlatformApplication using Java 17.0.12 with PID 28808 (F:\my-github\coding-platform\coding-platform-web\target\classes started by Caigh in F:\my-github\coding-platform\coding-platform-web)
2026-02-01 20:03:02.877 [main] INFO  c.c.c.CodingPlatformApplication - No active profile set, falling back to 1 default profile: "default"
2026-02-01 20:03:03.465 [main] INFO  o.s.d.r.c.RepositoryConfigurationDelegate - Multiple Spring Data modules found, entering strict repository configuration mode
2026-02-01 20:03:03.467 [main] INFO  o.s.d.r.c.RepositoryConfigurationDelegate - Bootstrapping Spring Data Redis repositories in DEFAULT mode.
2026-02-01 20:03:03.490 [main] INFO  o.s.d.r.c.RepositoryConfigurationDelegate - Finished Spring Data repository scanning in 10 ms. Found 0 Redis repository interfaces.
2026-02-01 20:03:03.583 [main] DEBUG o.m.s.mapper.ClassPathMapperScanner - Identified candidate component class: file [F:\my-github\coding-platform\coding-platform-web\target\classes\cn\caigh\coding_platform\dao\UserDao.class]
2026-02-01 20:03:03.585 [main] DEBUG o.m.s.mapper.ClassPathMapperScanner - Creating MapperFactoryBean with name 'userDao' and 'cn.caigh.coding_platform.dao.UserDao' mapperInterface
2026-02-01 20:03:03.587 [main] DEBUG o.m.s.mapper.ClassPathMapperScanner - Enabling autowire by type for MapperFactoryBean with name 'userDao'.
2026-02-01 20:03:04.220 [main] INFO  o.s.b.w.e.tomcat.TomcatWebServer - Tomcat initialized with port 8080 (http)
2026-02-01 20:03:04.243 [main] INFO  o.a.coyote.http11.Http11NioProtocol - Initializing ProtocolHandler ["http-nio-8080"]
2026-02-01 20:03:04.246 [main] INFO  o.a.catalina.core.StandardService - Starting service [Tomcat]
2026-02-01 20:03:04.247 [main] INFO  o.a.catalina.core.StandardEngine - Starting Servlet engine: [Apache Tomcat/10.1.50]
2026-02-01 20:03:04.301 [main] INFO  o.a.c.c.C.[.[localhost].[/api] - Initializing Spring embedded WebApplicationContext
2026-02-01 20:03:04.302 [main] INFO  o.s.b.w.s.c.ServletWebServerApplicationContext - Root WebApplicationContext: initialization completed in 1371 ms
2026-02-01 20:03:04.924 [main] DEBUG o.m.spring.SqlSessionFactoryBean - Property 'mapperLocations' was not specified.
2026-02-01 20:03:05.388 [main] INFO  o.s.s.c.a.a.c.InitializeUserDetailsBeanManagerConfigurer$InitializeUserDetailsManagerConfigurer - Global AuthenticationManager configured with UserDetailsService bean with name userDetailsServiceImpl
2026-02-01 20:03:05.559 [main] DEBUG o.s.s.web.DefaultSecurityFilterChain - Will secure any request with filters: DisableEncodeUrlFilter, WebAsyncManagerIntegrationFilter, SecurityContextHolderFilter, HeaderWriterFilter, CorsFilter, LogoutFilter, RequestCacheAwareFilter, SecurityContextHolderAwareRequestFilter, AnonymousAuthenticationFilter, SessionManagementFilter, ExceptionTranslationFilter, AuthorizationFilter
2026-02-01 20:03:06.365 [main] INFO  o.a.coyote.http11.Http11NioProtocol - Starting ProtocolHandler ["http-nio-8080"]
2026-02-01 20:03:06.395 [main] INFO  o.s.b.w.e.tomcat.TomcatWebServer - Tomcat started on port 8080 (http) with context path '/api'
2026-02-01 20:03:06.402 [main] INFO  c.c.c.CodingPlatformApplication - Started CodingPlatformApplication in 3.798 seconds (process running for 4.119)
2026-02-01 20:03:10.163 [http-nio-8080-exec-2] INFO  o.a.c.c.C.[.[localhost].[/api] - Initializing Spring DispatcherServlet 'dispatcherServlet'
2026-02-01 20:03:10.165 [http-nio-8080-exec-2] INFO  o.s.web.servlet.DispatcherServlet - Initializing Servlet 'dispatcherServlet'
2026-02-01 20:03:10.165 [http-nio-8080-exec-2] INFO  o.s.web.servlet.DispatcherServlet - Completed initialization in 0 ms
2026-02-01 20:03:10.177 [http-nio-8080-exec-2] DEBUG o.s.security.web.FilterChainProxy - Securing POST /login/pwd.json
2026-02-01 20:03:10.181 [http-nio-8080-exec-2] DEBUG o.s.s.w.a.AnonymousAuthenticationFilter - Set SecurityContextHolder to anonymous SecurityContext
2026-02-01 20:03:10.183 [http-nio-8080-exec-2] DEBUG o.s.security.web.FilterChainProxy - Secured POST /login/pwd.json
2026-02-01 20:03:10.320 [http-nio-8080-exec-2] INFO  c.alibaba.druid.pool.DruidDataSource - {dataSource-1} inited
2026-02-01 20:03:10.495 [http-nio-8080-exec-2] DEBUG o.s.s.a.d.DaoAuthenticationProvider - Failed to find user '18379908175'
2026-02-01 20:03:10.497 [http-nio-8080-exec-2] DEBUG o.s.s.authentication.ProviderManager - Authentication failed with provider DaoAuthenticationProvider since 用户名或密码错误
2026-02-01 23:03:07.673 [SpringApplicationShutdownHook] INFO  o.s.b.w.e.tomcat.GracefulShutdown - Commencing graceful shutdown. Waiting for active requests to complete
2026-02-01 23:03:07.941 [tomcat-shutdown] INFO  o.s.b.w.e.tomcat.GracefulShutdown - Graceful shutdown complete
2026-02-01 23:03:07.964 [SpringApplicationShutdownHook] INFO  c.alibaba.druid.pool.DruidDataSource - {dataSource-1} closing ...
2026-02-01 23:03:07.966 [SpringApplicationShutdownHook] INFO  c.alibaba.druid.pool.DruidDataSource - {dataSource-1} closed
